year,early estimate of date,late estimate of date,active year,type of violence,conflict id new,conflict name,side a id,side b id,side a name,side b name,latitude,longitude,geom_wkt,deaths side a,deaths side b,deaths civilians,deaths unknown,total deaths
2015,2015-01-02T00:00:00,2015-01-02T00:00:00,True,1,13306,Ukraine:Novorossiya,369,5914,Government of Ukraine,United Armed Forces of Novorossiya,48.14,37.74,POINT (37.740000 48.140000),1,0,0,0,1
2015,2015-01-06T00:00:00,2015-01-07T00:00:00,True,1,13306,Ukraine:Novorossiya,369,5914,Government of Ukraine,United Armed Forces of Novorossiya,48.075,37.725556,POINT (37.725556 48.075000),3,0,0,0,3
2015,2015-01-09T00:00:00,2015-01-10T00:00:00,True,1,13306,Ukraine:Novorossiya,369,5914,Government of Ukraine,United Armed Forces of Novorossiya,48.92,39.02,POINT (39.020000 48.920000),2,0,0,0,2
2015,2015-01-13T00:00:00,2015-01-13T00:00:00,True,1,13306,Ukraine:Novorossiya,369,5914,Government of Ukraine,United Armed Forces of Novorossiya,48.0,37.805278,POINT (37.805278 48.000000),1,0,2,0,3
2015,2015-01-13T00:00:00,2015-01-13T00:00:00,True,1,13306,Ukraine:Novorossiya,369,5914,Government of Ukraine,United Armed Forces of Novorossiya,47.595,37.4825,POINT (37.482500 47.595000),0,0,12,0,12
2015,2015-01-13T00:00:00,2015-01-13T00:00:00,True,1,13306,Ukraine:Novorossiya,369,5914,Government of Ukraine,United Armed Forces of Novorossiya,48.14,37.74,POINT (37.740000 48.140000),0,0,1,0,1
2015,2015-01-14T00:00:00,2015-01-14T00:00:00,True,1,13306,Ukraine:Novorossiya,369,5914,Government of Ukraine,United Armed Forces of Novorossiya,48.075,37.725556,POINT (37.725556 48.075000),2,0,0,0,2
2015,2015-01-24T00:00:00,2015-01-24T00:00:00,True,1,13306,Ukraine:Novorossiya,369,5914,Government of Ukraine,United Armed Forces of Novorossiya,47.095833,37.549444,POINT (37.549444 47.095833),0,0,30,0,30
2015,2015-01-16T00:00:00,2015-01-16T00:00:00,True,1,13306,Ukraine:Novorossiya,369,5914,Government of Ukraine,United Armed Forces of Novorossiya,48.075,37.725556,POINT (37.725556 48.075000),0,1,0,0,1
2015,2015-01-15T00:00:00,2015-01-16T00:00:00,True,1,13306,Ukraine:Novorossiya,369,5914,Government of Ukraine,United Armed Forces of Novorossiya,48.0,37.805278,POINT (37.805278 48.000000),0,0,4,0,4
2015,2015-01-15T00:00:00,2015-01-15T00:00:00,True,1,13306,Ukraine:Novorossiya,369,5914,Government of Ukraine,United Armed Forces of Novorossiya,48.075,37.725556,POINT (37.725556 48.075000),2,0,0,0,2
2015,2015-01-15T00:00:00,2015-01-16T00:00:00,True,1,13306,Ukraine:Novorossiya,369,5914,Government of Ukraine,United Armed Forces of Novorossiya,48.075,37.725556,POINT (37.725556 48.075000),0,4,0,0,4
2015,2015-01-16T00:00:00,2015-01-16T00:00:00,True,1,13306,Ukraine:Novorossiya,369,5914,Government of Ukraine,United Armed Forces of Novorossiya,48.694329,39.453292,POINT (39.453292 48.694329),1,0,0,0,1
2015,2015-01-16T00:00:00,2015-01-17T00:00:00,True,1,13306,Ukraine:Novorossiya,369,5914,Government of Ukraine,United Armed Forces of Novorossiya,48.0,37.805278,POINT (37.805278 48.000000),0,0,2,0,2
2015,2015-01-15T00:00:00,2015-01-17T00:00:00,True,1,13306,Ukraine:Novorossiya,369,5914,Government of Ukraine,United Armed Forces of Novorossiya,48.075,37.725556,POINT (37.725556 48.075000),4,0,2,0,6
2015,2015-01-16T00:00:00,2015-01-17T00:00:00,True,1,13306,Ukraine:Novorossiya,369,5914,Government of Ukraine,United Armed Forces of Novorossiya,48.075,37.725556,POINT (37.725556 48.075000),0,2,0,0,2
2015,2015-01-18T00:00:00,2015-01-18T00:00:00,True,1,13306,Ukraine:Novorossiya,369,5914,Government of Ukraine,United Armed Forces of Novorossiya,48.313148,38.277561,POINT (38.277561 48.313148),0,0,2,0,2
2015,2015-01-18T00:00:00,2015-01-18T00:00:00,True,1,13306,Ukraine:Novorossiya,369,5914,Government of Ukraine,United Armed Forces of Novorossiya,48.0,37.805278,POINT (37.805278 48.000000),0,0,5,0,5
2015,2015-01-18T00:00:00,2015-01-19T00:00:00,True,1,13306,Ukraine:Novorossiya,369,5914,Government of Ukraine,United Armed Forces of Novorossiya,48.075,37.725556,POINT (37.725556 48.075000),3,0,0,0,3
2015,2015-01-21T00:00:00,2015-01-22T00:00:00,True,1,13306,Ukraine:Novorossiya,369,5914,Government of Ukraine,United Armed Forces of Novorossiya,48.0,37.805278,POINT (37.805278 48.000000),6,0,0,0,6
2015,2015-01-21T00:00:00,2015-01-22T00:00:00,True,1,13306,Ukraine:Novorossiya,369,5914,Government of Ukraine,United Armed Forces of Novorossiya,48.15,38.65,POINT (38.650000 48.150000),4,0,0,0,4
2015,2015-01-21T00:00:00,2015-01-22T00:00:00,True,1,13306,Ukraine:Novorossiya,369,5914,Government of Ukraine,United Armed Forces of Novorossiya,48.3,38.05,POINT (38.050000 48.300000),0,0,10,0,10
2015,2015-01-21T00:00:00,2015-01-22T00:00:00,True,1,13306,Ukraine:Novorossiya,369,5914,Government of Ukraine,United Armed Forces of Novorossiya,48.92,39.02,POINT (39.020000 48.920000),0,0,0,8,8
2015,2015-01-23T00:00:00,2015-01-23T00:00:00,True,1,13306,Ukraine:Novorossiya,369,5914,Government of Ukraine,United Armed Forces of Novorossiya,48.6333,38.5167,POINT (38.516700 48.633300),0,0,0,0,0
2015,2015-01-24T00:00:00,2015-01-25T00:00:00,True,1,13306,Ukraine:Novorossiya,369,5914,Government of Ukraine,United Armed Forces of Novorossiya,48.333333,38.4,POINT (38.400000 48.333333),4,0,0,0,4
2015,2015-01-25T00:00:00,2015-01-26T00:00:00,True,1,13306,Ukraine:Novorossiya,369,5914,Government of Ukraine,United Armed Forces of Novorossiya,48.333333,38.4,POINT (38.400000 48.333333),7,0,1,0,8
2015,2015-01-26T00:00:00,2015-01-27T00:00:00,True,1,13306,Ukraine:Novorossiya,369,5914,Government of Ukraine,United Armed Forces of Novorossiya,48.333333,38.4,POINT (38.400000 48.333333),9,0,0,0,9
2015,2015-01-27T00:00:00,2015-01-27T00:00:00,True,1,13306,Ukraine:Novorossiya,369,5914,Government of Ukraine,United Armed Forces of Novorossiya,48.0,37.805278,POINT (37.805278 48.000000),0,0,1,0,1
2015,2015-01-27T00:00:00,2015-01-28T00:00:00,True,1,13306,Ukraine:Novorossiya,369,5914,Government of Ukraine,United Armed Forces of Novorossiya,48.15,38.65,POINT (38.650000 48.150000),3,0,0,0,3
2015,2015-01-27T00:00:00,2015-01-28T00:00:00,True,1,13306,Ukraine:Novorossiya,369,5914,Government of Ukraine,United Armed Forces of Novorossiya,48.564161,38.644237,POINT (38.644237 48.564161),0,0,0,0,0
2015,2015-02-01T00:00:00,2015-02-01T00:00:00,True,1,13306,Ukraine:Novorossiya,369,5914,Government of Ukraine,United Armed Forces of Novorossiya,48.0,37.805278,POINT (37.805278 48.000000),0,0,1,0,1
2015,2015-01-27T00:00:00,2015-01-28T00:00:00,True,1,13306,Ukraine:Novorossiya,369,5914,Government of Ukraine,United Armed Forces of Novorossiya,48.133333,38.933333,POINT (38.933333 48.133333),0,0,0,0,0
2015,2015-01-27T00:00:00,2015-01-28T00:00:00,True,1,13306,Ukraine:Novorossiya,369,5914,Government of Ukraine,United Armed Forces of Novorossiya,48.566667,39.3,POINT (39.300000 48.566667),0,0,0,0,0
2015,2015-01-29T00:00:00,2015-01-29T00:00:00,True,1,13306,Ukraine:Novorossiya,369,5914,Government of Ukraine,United Armed Forces of Novorossiya,48.333333,38.4,POINT (38.400000 48.333333),5,0,3,0,8
2015,2015-02-01T00:00:00,2015-02-01T00:00:00,True,1,13306,Ukraine:Novorossiya,369,5914,Government of Ukraine,United Armed Forces of Novorossiya,48.92,39.02,POINT (39.020000 48.920000),0,0,3,0,3
2015,2015-02-01T00:00:00,2015-02-01T00:00:00,True,1,13306,Ukraine:Novorossiya,369,5914,Government of Ukraine,United Armed Forces of Novorossiya,48.721895,39.25145,POINT (39.251450 48.721895),2,0,0,0,2
2015,2015-01-29T00:00:00,2015-01-30T00:00:00,True,1,13306,Ukraine:Novorossiya,369,5914,Government of Ukraine,United Armed Forces of Novorossiya,48.15,38.65,POINT (38.650000 48.150000),5,7,0,0,12
2015,2015-01-29T00:00:00,2015-01-30T00:00:00,True,1,13306,Ukraine:Novorossiya,369,5914,Government of Ukraine,United Armed Forces of Novorossiya,48.0,37.805278,POINT (37.805278 48.000000),0,12,0,0,12
2015,2015-01-30T00:00:00,2015-01-30T00:00:00,True,1,13306,Ukraine:Novorossiya,369,5914,Government of Ukraine,United Armed Forces of Novorossiya,48.0,37.805278,POINT (37.805278 48.000000),0,0,6,0,6
2015,2015-01-30T00:00:00,2015-01-31T00:00:00,True,1,13306,Ukraine:Novorossiya,369,5914,Government of Ukraine,United Armed Forces of Novorossiya,48.15,38.65,POINT (38.650000 48.150000),15,0,0,0,15
2015,2015-02-01T00:00:00,2015-02-01T00:00:00,True,1,13306,Ukraine:Novorossiya,369,5914,Government of Ukraine,United Armed Forces of Novorossiya,48.15,38.65,POINT (38.650000 48.150000),10,0,2,0,12
2015,2015-02-01T00:00:00,2015-02-01T00:00:00,True,1,13306,Ukraine:Novorossiya,369,5914,Government of Ukraine,United Armed Forces of Novorossiya,48.333333,38.4,POINT (38.400000 48.333333),0,0,7,0,7
2015,2015-04-13T00:00:00,2015-04-14T00:00:00,True,1,13306,Ukraine:Novorossiya,369,5914,Government of Ukraine,United Armed Forces of Novorossiya,48.15,38.65,POINT (38.650000 48.150000),6,0,0,0,6
2015,2015-02-06T00:00:00,2015-02-07T00:00:00,True,1,13306,Ukraine:Novorossiya,369,5914,Government of Ukraine,United Armed Forces of Novorossiya,48.333333,38.4,POINT (38.400000 48.333333),5,0,6,0,11
2015,2015-03-20T00:00:00,2015-03-21T00:00:00,True,1,13306,Ukraine:Novorossiya,369,5914,Government of Ukraine,United Armed Forces of Novorossiya,48.313148,38.277561,POINT (38.277561 48.313148),0,0,1,0,1
2015,2015-07-11T00:00:00,2015-07-12T00:00:00,True,1,13306,Ukraine:Novorossiya,369,5914,Government of Ukraine,United Armed Forces of Novorossiya,48.075,37.725556,POINT (37.725556 48.075000),2,0,0,0,2
2015,2015-03-20T00:00:00,2015-03-21T00:00:00,True,1,13306,Ukraine:Novorossiya,369,5914,Government of Ukraine,United Armed Forces of Novorossiya,47.094565,37.815639,POINT (37.815639 47.094565),1,0,0,0,1
2015,2015-03-20T00:00:00,2015-03-21T00:00:00,True,1,13306,Ukraine:Novorossiya,369,5914,Government of Ukraine,United Armed Forces of Novorossiya,48.075,37.725556,POINT (37.725556 48.075000),1,0,0,0,1
2015,2015-07-14T00:00:00,2015-07-15T00:00:00,True,1,13306,Ukraine:Novorossiya,369,5914,Government of Ukraine,United Armed Forces of Novorossiya,48.92,39.02,POINT (39.020000 48.920000),5,0,0,0,5
2015,2015-02-02T00:00:00,2015-02-03T00:00:00,True,1,13306,Ukraine:Novorossiya,369,5914,Government of Ukraine,United Armed Forces of Novorossiya,48.333333,38.4,POINT (38.400000 48.333333),5,0,16,0,21
2015,2015-02-06T00:00:00,2015-02-07T00:00:00,True,1,13306,Ukraine:Novorossiya,369,5914,Government of Ukraine,United Armed Forces of Novorossiya,48.145278,37.745,POINT (37.745000 48.145278),0,0,2,0,2
2015,2015-02-04T00:00:00,2015-02-04T00:00:00,True,1,13306,Ukraine:Novorossiya,369,5914,Government of Ukraine,United Armed Forces of Novorossiya,48.0,37.805278,POINT (37.805278 48.000000),0,0,4,0,4
2015,2015-02-03T00:00:00,2015-02-04T00:00:00,True,1,13306,Ukraine:Novorossiya,369,5914,Government of Ukraine,United Armed Forces of Novorossiya,48.15,38.65,POINT (38.650000 48.150000),4,0,8,0,12
2015,2015-02-04T00:00:00,2015-02-05T00:00:00,True,1,13306,Ukraine:Novorossiya,369,5914,Government of Ukraine,United Armed Forces of Novorossiya,48.333333,38.4,POINT (38.400000 48.333333),5,0,6,0,11
2015,2015-02-04T00:00:00,2015-02-05T00:00:00,True,1,13306,Ukraine:Novorossiya,369,5914,Government of Ukraine,United Armed Forces of Novorossiya,48.0,37.805278,POINT (37.805278 48.000000),0,0,8,0,8
2015,2015-02-06T00:00:00,2015-02-07T00:00:00,True,1,13306,Ukraine:Novorossiya,369,5914,Government of Ukraine,United Armed Forces of Novorossiya,48.0,37.805278,POINT (37.805278 48.000000),0,0,1,0,1
2015,2015-02-11T00:00:00,2015-02-11T00:00:00,True,1,13306,Ukraine:Novorossiya,369,5914,Government of Ukraine,United Armed Forces of Novorossiya,48.333333,38.4,POINT (38.400000 48.333333),19,0,0,0,19
2015,2015-02-08T00:00:00,2015-02-09T00:00:00,True,1,13306,Ukraine:Novorossiya,369,5914,Government of Ukraine,United Armed Forces of Novorossiya,48.333333,38.4,POINT (38.400000 48.333333),9,0,4,0,13
2015,2015-02-08T00:00:00,2015-02-09T00:00:00,True,1,13306,Ukraine:Novorossiya,369,5914,Government of Ukraine,United Armed Forces of Novorossiya,48.145278,37.745,POINT (37.745000 48.145278),0,0,3,0,3
2015,2015-02-15T00:00:00,2015-02-15T00:00:00,True,1,13306,Ukraine:Novorossiya,369,5914,Government of Ukraine,United Armed Forces of Novorossiya,48.333333,38.4,POINT (38.400000 48.333333),0,2,0,0,2
2015,2015-03-02T00:00:00,2015-03-03T00:00:00,True,1,13306,Ukraine:Novorossiya,369,5914,Government of Ukraine,United Armed Forces of Novorossiya,48.15,38.65,POINT (38.650000 48.150000),3,0,0,0,3
2015,2015-02-10T00:00:00,2015-02-11T00:00:00,True,1,13306,Ukraine:Novorossiya,369,5914,Government of Ukraine,United Armed Forces of Novorossiya,48.15,38.65,POINT (38.650000 48.150000),0,7,0,0,7
2015,2015-02-09T00:00:00,2015-02-10T00:00:00,True,1,13306,Ukraine:Novorossiya,369,5914,Government of Ukraine,United Armed Forces of Novorossiya,48.333333,38.4,POINT (38.400000 48.333333),7,0,0,0,7
2015,2015-02-10T00:00:00,2015-02-10T00:00:00,True,1,13306,Ukraine:Novorossiya,369,5914,Government of Ukraine,United Armed Forces of Novorossiya,48.716667,37.533333,POINT (37.533333 48.716667),0,0,16,0,16
2015,2015-02-12T00:00:00,2015-02-13T00:00:00,True,1,13306,Ukraine:Novorossiya,369,5914,Government of Ukraine,United Armed Forces of Novorossiya,48.333333,38.4,POINT (38.400000 48.333333),8,0,0,0,8
2015,2015-02-11T00:00:00,2015-02-11T00:00:00,True,1,13306,Ukraine:Novorossiya,369,5914,Government of Ukraine,United Armed Forces of Novorossiya,48.0,37.805278,POINT (37.805278 48.000000),0,0,11,0,11
2015,2015-02-14T00:00:00,2015-02-14T00:00:00,True,1,13306,Ukraine:Novorossiya,369,5914,Government of Ukraine,United Armed Forces of Novorossiya,48.379985,38.345045,POINT (38.345045 48.379985),0,4,0,0,4
2015,2015-02-12T00:00:00,2015-02-13T00:00:00,True,1,13306,Ukraine:Novorossiya,369,5914,Government of Ukraine,United Armed Forces of Novorossiya,48.721895,39.25145,POINT (39.251450 48.721895),0,0,2,0,2
2015,2015-02-13T00:00:00,2015-02-13T00:00:00,True,1,13306,Ukraine:Novorossiya,369,5914,Government of Ukraine,United Armed Forces of Novorossiya,48.566667,39.3,POINT (39.300000 48.566667),0,0,3,0,3
2015,2015-02-13T00:00:00,2015-02-13T00:00:00,True,1,13306,Ukraine:Novorossiya,369,5914,Government of Ukraine,United Armed Forces of Novorossiya,48.15,38.65,POINT (38.650000 48.150000),3,0,2,0,5
2015,2015-02-13T00:00:00,2015-02-14T00:00:00,True,1,13306,Ukraine:Novorossiya,369,5914,Government of Ukraine,United Armed Forces of Novorossiya,48.595434,37.994085,POINT (37.994085 48.595434),0,0,3,0,3
2015,2015-02-14T00:00:00,2015-02-14T00:00:00,True,1,13306,Ukraine:Novorossiya,369,5914,Government of Ukraine,United Armed Forces of Novorossiya,48.0,37.805278,POINT (37.805278 48.000000),0,0,2,0,2
2015,2015-02-13T00:00:00,2015-02-14T00:00:00,True,1,13306,Ukraine:Novorossiya,369,5914,Government of Ukraine,United Armed Forces of Novorossiya,48.333333,38.4,POINT (38.400000 48.333333),7,0,0,0,7
2015,2015-02-15T00:00:00,2015-02-15T00:00:00,True,1,13306,Ukraine:Novorossiya,369,5914,Government of Ukraine,United Armed Forces of Novorossiya,48.633333,38.38,POINT (38.380000 48.633333),0,0,2,0,2
2015,2015-02-16T00:00:00,2015-02-16T00:00:00,True,1,13306,Ukraine:Novorossiya,369,5914,Government of Ukraine,United Armed Forces of Novorossiya,48.313148,38.277561,POINT (38.277561 48.313148),4,0,0,0,4
2015,2015-02-16T00:00:00,2015-02-16T00:00:00,True,1,13306,Ukraine:Novorossiya,369,5914,Government of Ukraine,United Armed Forces of Novorossiya,48.333333,38.4,POINT (38.400000 48.333333),5,0,0,0,5
2015,2015-02-18T00:00:00,2015-02-18T00:00:00,True,1,13306,Ukraine:Novorossiya,369,5914,Government of Ukraine,United Armed Forces of Novorossiya,48.333333,38.4,POINT (38.400000 48.333333),13,0,0,0,13
2015,2015-02-19T00:00:00,2015-02-19T00:00:00,True,1,13306,Ukraine:Novorossiya,369,5914,Government of Ukraine,United Armed Forces of Novorossiya,48.0,37.805278,POINT (37.805278 48.000000),0,0,1,0,1
2015,2015-01-22T00:00:00,2015-02-21T00:00:00,True,1,13306,Ukraine:Novorossiya,369,5914,Government of Ukraine,United Armed Forces of Novorossiya,48.333333,38.4,POINT (38.400000 48.333333),71,0,0,0,71
2015,2015-02-22T00:00:00,2015-02-23T00:00:00,True,1,13306,Ukraine:Novorossiya,369,5914,Government of Ukraine,United Armed Forces of Novorossiya,48.15,38.65,POINT (38.650000 48.150000),2,0,0,0,2
2015,2015-02-28T00:00:00,2015-02-28T00:00:00,True,1,13306,Ukraine:Novorossiya,369,5914,Government of Ukraine,United Armed Forces of Novorossiya,48.06087,37.681397,POINT (37.681397 48.060870),0,0,1,1,2
2015,2015-03-15T00:00:00,2015-03-15T00:00:00,True,1,13306,Ukraine:Novorossiya,369,5914,Government of Ukraine,United Armed Forces of Novorossiya,48.06087,37.681397,POINT (37.681397 48.060870),1,0,0,0,1
2015,2015-03-02T00:00:00,2015-03-02T00:00:00,True,1,13306,Ukraine:Novorossiya,369,5914,Government of Ukraine,United Armed Forces of Novorossiya,48.15,38.65,POINT (38.650000 48.150000),1,0,0,0,1
2015,2015-03-03T00:00:00,2015-03-04T00:00:00,True,1,13306,Ukraine:Novorossiya,369,5914,Government of Ukraine,United Armed Forces of Novorossiya,48.0,37.805278,POINT (37.805278 48.000000),1,0,0,0,1
2015,2015-01-13T00:00:00,2015-02-15T00:00:00,True,1,13306,Ukraine:Novorossiya,369,5914,Government of Ukraine,United Armed Forces of Novorossiya,48.15,38.65,POINT (38.650000 48.150000),0,0,0,209,209
2015,2015-03-08T00:00:00,2015-03-08T00:00:00,True,1,13306,Ukraine:Novorossiya,369,5914,Government of Ukraine,United Armed Forces of Novorossiya,48.15,38.65,POINT (38.650000 48.150000),1,0,0,0,1
2015,2015-03-11T00:00:00,2015-03-11T00:00:00,True,1,13306,Ukraine:Novorossiya,369,5914,Government of Ukraine,United Armed Forces of Novorossiya,48.14,37.74,POINT (37.740000 48.140000),1,0,0,0,1
2015,2015-03-15T00:00:00,2015-03-16T00:00:00,True,1,13306,Ukraine:Novorossiya,369,5914,Government of Ukraine,United Armed Forces of Novorossiya,48.15,38.65,POINT (38.650000 48.150000),1,0,0,0,1
2015,2015-03-16T00:00:00,2015-03-16T00:00:00,True,1,13306,Ukraine:Novorossiya,369,5914,Government of Ukraine,United Armed Forces of Novorossiya,47.18316,37.862063,POINT (37.862063 47.183160),0,2,0,0,2
2015,2015-03-16T00:00:00,2015-03-17T00:00:00,True,1,13306,Ukraine:Novorossiya,369,5914,Government of Ukraine,United Armed Forces of Novorossiya,48.15,38.65,POINT (38.650000 48.150000),3,0,0,0,3
2015,2015-03-16T00:00:00,2015-03-16T00:00:00,True,1,13306,Ukraine:Novorossiya,369,5914,Government of Ukraine,United Armed Forces of Novorossiya,48.533333,37.716667,POINT (37.716667 48.533333),0,0,1,0,1
2015,2015-03-17T00:00:00,2015-03-18T00:00:00,True,1,13306,Ukraine:Novorossiya,369,5914,Government of Ukraine,United Armed Forces of Novorossiya,48.15,38.65,POINT (38.650000 48.150000),1,0,0,0,1
2015,2015-03-20T00:00:00,2015-03-20T00:00:00,True,1,13306,Ukraine:Novorossiya,369,5914,Government of Ukraine,United Armed Forces of Novorossiya,48.145278,37.745,POINT (37.745000 48.145278),0,0,1,0,1
2015,2015-03-20T00:00:00,2015-03-20T00:00:00,True,1,13306,Ukraine:Novorossiya,369,5914,Government of Ukraine,United Armed Forces of Novorossiya,47.094565,37.815639,POINT (37.815639 47.094565),0,3,0,0,3
2015,2015-05-02T00:00:00,2015-05-03T00:00:00,True,1,13306,Ukraine:Novorossiya,369,5914,Government of Ukraine,United Armed Forces of Novorossiya,48.15,38.65,POINT (38.650000 48.150000),1,0,0,0,1
2015,2015-03-23T00:00:00,2015-03-24T00:00:00,True,1,13306,Ukraine:Novorossiya,369,5914,Government of Ukraine,United Armed Forces of Novorossiya,48.3,38.05,POINT (38.050000 48.300000),0,0,1,0,1
2015,2015-03-23T00:00:00,2015-03-24T00:00:00,True,1,13306,Ukraine:Novorossiya,369,5914,Government of Ukraine,United Armed Forces of Novorossiya,48.0,37.805278,POINT (37.805278 48.000000),0,0,1,0,1
2015,2015-03-20T00:00:00,2015-03-20T00:00:00,True,1,13306,Ukraine:Novorossiya,369,5914,Government of Ukraine,United Armed Forces of Novorossiya,48.595434,37.994085,POINT (37.994085 48.595434),0,0,3,0,3
2015,2015-04-07T00:00:00,2015-04-08T00:00:00,True,1,13306,Ukraine:Novorossiya,369,5914,Government of Ukraine,United Armed Forces of Novorossiya,47.095833,37.549444,POINT (37.549444 47.095833),2,0,0,0,2
2015,2015-03-27T00:00:00,2015-03-27T00:00:00,True,1,13306,Ukraine:Novorossiya,369,5914,Government of Ukraine,United Armed Forces of Novorossiya,47.094565,37.815639,POINT (37.815639 47.094565),0,0,1,0,1
2015,2015-04-04T00:00:00,2015-04-04T00:00:00,True,1,13306,Ukraine:Novorossiya,369,5914,Government of Ukraine,United Armed Forces of Novorossiya,48.145278,37.745,POINT (37.745000 48.145278),3,0,0,0,3
2015,2015-01-01T00:00:00,2015-02-28T00:00:00,True,1,13306,Ukraine:Novorossiya,369,5914,Government of Ukraine,United Armed Forces of Novorossiya,48.92,39.02,POINT (39.020000 48.920000),4,0,0,0,4
2015,2015-04-05T00:00:00,2015-04-05T00:00:00,True,1,13306,Ukraine:Novorossiya,369,5914,Government of Ukraine,United Armed Forces of Novorossiya,48.721895,39.25145,POINT (39.251450 48.721895),4,0,0,0,4
2015,2015-04-12T00:00:00,2015-04-13T00:00:00,True,1,13306,Ukraine:Novorossiya,369,5914,Government of Ukraine,United Armed Forces of Novorossiya,48.15,38.65,POINT (38.650000 48.150000),1,0,0,0,1
2015,2015-04-05T00:00:00,2015-04-05T00:00:00,True,1,13306,Ukraine:Novorossiya,369,5914,Government of Ukraine,United Armed Forces of Novorossiya,47.095833,37.549444,POINT (37.549444 47.095833),2,0,0,0,2
2015,2015-04-14T00:00:00,2015-04-15T00:00:00,True,1,13306,Ukraine:Novorossiya,369,5914,Government of Ukraine,United Armed Forces of Novorossiya,48.06087,37.681397,POINT (37.681397 48.060870),1,0,0,0,1
2015,2015-04-15T00:00:00,2015-04-15T00:00:00,True,1,13306,Ukraine:Novorossiya,369,5914,Government of Ukraine,United Armed Forces of Novorossiya,48.075,37.725556,POINT (37.725556 48.075000),0,0,0,0,0
2015,2015-04-20T00:00:00,2015-04-21T00:00:00,True,1,13306,Ukraine:Novorossiya,369,5914,Government of Ukraine,United Armed Forces of Novorossiya,48.06087,37.681397,POINT (37.681397 48.060870),1,0,0,0,1
2015,2015-04-25T00:00:00,2015-04-25T00:00:00,True,1,13306,Ukraine:Novorossiya,369,5914,Government of Ukraine,United Armed Forces of Novorossiya,48.426833,36.855864,POINT (36.855864 48.426833),0,1,0,0,1
2015,2015-04-26T00:00:00,2015-04-26T00:00:00,True,1,13306,Ukraine:Novorossiya,369,5914,Government of Ukraine,United Armed Forces of Novorossiya,48.15,38.65,POINT (38.650000 48.150000),1,0,0,0,1
2015,2015-04-27T00:00:00,2015-04-27T00:00:00,True,1,13306,Ukraine:Novorossiya,369,5914,Government of Ukraine,United Armed Forces of Novorossiya,48.15,38.65,POINT (38.650000 48.150000),1,0,0,0,1
2015,2015-04-28T00:00:00,2015-04-28T00:00:00,True,1,13306,Ukraine:Novorossiya,369,5914,Government of Ukraine,United Armed Forces of Novorossiya,48.15,38.65,POINT (38.650000 48.150000),1,0,0,0,1
2015,2015-04-25T00:00:00,2015-04-25T00:00:00,True,1,13306,Ukraine:Novorossiya,369,5914,Government of Ukraine,United Armed Forces of Novorossiya,48.15,38.65,POINT (38.650000 48.150000),1,0,0,0,1
2015,2015-04-29T00:00:00,2015-04-30T00:00:00,True,1,13306,Ukraine:Novorossiya,369,5914,Government of Ukraine,United Armed Forces of Novorossiya,48.14,37.74,POINT (37.740000 48.140000),0,1,0,0,1
2015,2015-04-29T00:00:00,2015-04-30T00:00:00,True,1,13306,Ukraine:Novorossiya,369,5914,Government of Ukraine,United Armed Forces of Novorossiya,47.094565,37.815639,POINT (37.815639 47.094565),0,0,1,0,1
2015,2015-04-29T00:00:00,2015-04-30T00:00:00,True,1,13306,Ukraine:Novorossiya,369,5914,Government of Ukraine,United Armed Forces of Novorossiya,48.0,37.805278,POINT (37.805278 48.000000),0,0,1,0,1
2015,2015-04-30T00:00:00,2015-05-01T00:00:00,True,1,13306,Ukraine:Novorossiya,369,5914,Government of Ukraine,United Armed Forces of Novorossiya,48.15,38.65,POINT (38.650000 48.150000),2,0,0,0,2
2015,2015-05-02T00:00:00,2015-05-03T00:00:00,True,1,13306,Ukraine:Novorossiya,369,5914,Government of Ukraine,United Armed Forces of Novorossiya,47.941669,37.504218,POINT (37.504218 47.941669),0,0,1,0,1
2015,2015-05-02T00:00:00,2015-05-03T00:00:00,True,1,13306,Ukraine:Novorossiya,369,5914,Government of Ukraine,United Armed Forces of Novorossiya,48.14,37.74,POINT (37.740000 48.140000),0,0,1,0,1
2015,2015-05-03T00:00:00,2015-05-04T00:00:00,True,1,13306,Ukraine:Novorossiya,369,5914,Government of Ukraine,United Armed Forces of Novorossiya,48.92,39.02,POINT (39.020000 48.920000),1,0,0,0,1
2015,2015-05-03T00:00:00,2015-05-04T00:00:00,True,1,13306,Ukraine:Novorossiya,369,5914,Government of Ukraine,United Armed Forces of Novorossiya,48.14,37.74,POINT (37.740000 48.140000),1,0,0,0,1
2015,2015-05-05T00:00:00,2015-05-05T00:00:00,True,1,13306,Ukraine:Novorossiya,369,5914,Government of Ukraine,United Armed Forces of Novorossiya,48.075,37.725556,POINT (37.725556 48.075000),1,0,0,0,1
2015,2015-05-05T00:00:00,2015-05-06T00:00:00,True,1,13306,Ukraine:Novorossiya,369,5914,Government of Ukraine,United Armed Forces of Novorossiya,48.145278,37.745,POINT (37.745000 48.145278),4,0,0,0,4
2015,2015-05-16T00:00:00,2015-05-17T00:00:00,True,1,13306,Ukraine:Novorossiya,369,5914,Government of Ukraine,United Armed Forces of Novorossiya,48.633333,38.38,POINT (38.380000 48.633333),4,0,0,0,4
2015,2015-07-14T00:00:00,2015-07-15T00:00:00,True,1,13306,Ukraine:Novorossiya,369,5914,Government of Ukraine,United Armed Forces of Novorossiya,48.3,38.05,POINT (38.050000 48.300000),1,0,0,0,1
2015,2015-07-14T00:00:00,2015-07-15T00:00:00,True,1,13306,Ukraine:Novorossiya,369,5914,Government of Ukraine,United Armed Forces of Novorossiya,48.0,37.805278,POINT (37.805278 48.000000),1,0,0,0,1
2015,2015-05-21T00:00:00,2015-05-22T00:00:00,True,1,13306,Ukraine:Novorossiya,369,5914,Government of Ukraine,United Armed Forces of Novorossiya,48.145278,37.745,POINT (37.745000 48.145278),0,0,1,0,1
2015,2015-05-21T00:00:00,2015-05-22T00:00:00,True,1,13306,Ukraine:Novorossiya,369,5914,Government of Ukraine,United Armed Forces of Novorossiya,48.15,38.65,POINT (38.650000 48.150000),3,0,0,0,3
2015,2015-05-25T00:00:00,2015-05-26T00:00:00,True,1,13306,Ukraine:Novorossiya,369,5914,Government of Ukraine,United Armed Forces of Novorossiya,47.094565,37.815639,POINT (37.815639 47.094565),0,4,0,0,4
2015,2015-05-23T00:00:00,2015-05-23T00:00:00,True,1,13306,Ukraine:Novorossiya,369,5914,Government of Ukraine,United Armed Forces of Novorossiya,48.477778,38.797778,POINT (38.797778 48.477778),0,0,0,0,0
2015,2015-05-22T00:00:00,2015-05-23T00:00:00,True,1,13306,Ukraine:Novorossiya,369,5914,Government of Ukraine,United Armed Forces of Novorossiya,48.0,37.805278,POINT (37.805278 48.000000),1,0,0,0,1
2015,2015-05-24T00:00:00,2015-05-24T00:00:00,True,1,13306,Ukraine:Novorossiya,369,5914,Government of Ukraine,United Armed Forces of Novorossiya,47.094565,37.815639,POINT (37.815639 47.094565),1,0,0,0,1
2015,2015-05-24T00:00:00,2015-05-25T00:00:00,True,1,13306,Ukraine:Novorossiya,369,5914,Government of Ukraine,United Armed Forces of Novorossiya,48.15,38.65,POINT (38.650000 48.150000),0,1,0,0,1
2015,2015-05-25T00:00:00,2015-05-26T00:00:00,True,1,13306,Ukraine:Novorossiya,369,5914,Government of Ukraine,United Armed Forces of Novorossiya,48.145278,37.745,POINT (37.745000 48.145278),0,0,1,0,1
2015,2015-05-25T00:00:00,2015-05-26T00:00:00,True,1,13306,Ukraine:Novorossiya,369,5914,Government of Ukraine,United Armed Forces of Novorossiya,48.92,39.02,POINT (39.020000 48.920000),1,0,0,0,1
2015,2015-05-26T00:00:00,2015-05-26T00:00:00,True,1,13306,Ukraine:Novorossiya,369,5914,Government of Ukraine,United Armed Forces of Novorossiya,48.3,38.05,POINT (38.050000 48.300000),0,0,3,0,3
2015,2015-05-28T00:00:00,2015-05-29T00:00:00,True,1,13306,Ukraine:Novorossiya,369,5914,Government of Ukraine,United Armed Forces of Novorossiya,48.15,38.65,POINT (38.650000 48.150000),1,0,0,0,1
2015,2015-05-26T00:00:00,2015-05-27T00:00:00,True,1,13306,Ukraine:Novorossiya,369,5914,Government of Ukraine,United Armed Forces of Novorossiya,48.566667,39.3,POINT (39.300000 48.566667),1,0,0,0,1
2015,2015-05-30T00:00:00,2015-05-31T00:00:00,True,1,13306,Ukraine:Novorossiya,369,5914,Government of Ukraine,United Armed Forces of Novorossiya,48.333333,38.4,POINT (38.400000 48.333333),1,0,0,0,1
2015,2015-05-30T00:00:00,2015-05-31T00:00:00,True,1,13306,Ukraine:Novorossiya,369,5914,Government of Ukraine,United Armed Forces of Novorossiya,48.694329,39.453292,POINT (39.453292 48.694329),0,0,2,0,2
2015,2015-05-31T00:00:00,2015-05-31T00:00:00,True,1,13306,Ukraine:Novorossiya,369,5914,Government of Ukraine,United Armed Forces of Novorossiya,48.41955,38.032433,POINT (38.032433 48.419550),0,0,1,0,1
2015,2015-05-31T00:00:00,2015-06-01T00:00:00,True,1,13306,Ukraine:Novorossiya,369,5914,Government of Ukraine,United Armed Forces of Novorossiya,47.095833,37.549444,POINT (37.549444 47.095833),1,0,0,0,1
2015,2015-05-31T00:00:00,2015-06-01T00:00:00,True,1,13306,Ukraine:Novorossiya,369,5914,Government of Ukraine,United Armed Forces of Novorossiya,48.0,37.805278,POINT (37.805278 48.000000),1,0,0,0,1
2015,2015-05-31T00:00:00,2015-06-01T00:00:00,True,1,13306,Ukraine:Novorossiya,369,5914,Government of Ukraine,United Armed Forces of Novorossiya,48.566667,39.3,POINT (39.300000 48.566667),1,0,0,0,1
2015,2015-06-03T00:00:00,2015-06-03T00:00:00,True,1,13306,Ukraine:Novorossiya,369,5914,Government of Ukraine,United Armed Forces of Novorossiya,48.566667,39.3,POINT (39.300000 48.566667),0,0,2,0,2
2015,2015-06-03T00:00:00,2015-06-03T00:00:00,True,1,13306,Ukraine:Novorossiya,369,5914,Government of Ukraine,United Armed Forces of Novorossiya,47.941669,37.504218,POINT (37.504218 47.941669),5,16,5,0,26
2015,2015-07-14T00:00:00,2015-07-15T00:00:00,True,1,13306,Ukraine:Novorossiya,369,5914,Government of Ukraine,United Armed Forces of Novorossiya,48.435297,38.220482,POINT (38.220482 48.435297),1,0,0,0,1
2015,2015-06-04T00:00:00,2015-06-04T00:00:00,True,1,13306,Ukraine:Novorossiya,369,5914,Government of Ukraine,United Armed Forces of Novorossiya,48.15,38.65,POINT (38.650000 48.150000),0,19,0,0,19
2015,2015-06-10T00:00:00,2015-06-11T00:00:00,True,1,13306,Ukraine:Novorossiya,369,5914,Government of Ukraine,United Armed Forces of Novorossiya,48.3,38.05,POINT (38.050000 48.300000),0,0,3,0,3
2015,2015-06-10T00:00:00,2015-06-11T00:00:00,True,1,13306,Ukraine:Novorossiya,369,5914,Government of Ukraine,United Armed Forces of Novorossiya,48.15,38.65,POINT (38.650000 48.150000),1,0,0,0,1
2015,2015-06-05T00:00:00,2015-06-06T00:00:00,True,1,13306,Ukraine:Novorossiya,369,5914,Government of Ukraine,United Armed Forces of Novorossiya,48.0,37.805278,POINT (37.805278 48.000000),1,0,0,0,1
2015,2015-06-07T00:00:00,2015-06-07T00:00:00,True,1,13306,Ukraine:Novorossiya,369,5914,Government of Ukraine,United Armed Forces of Novorossiya,47.064607,37.600157,POINT (37.600157 47.064607),1,0,0,0,1
2015,2015-06-08T00:00:00,2015-06-08T00:00:00,True,1,13306,Ukraine:Novorossiya,369,5914,Government of Ukraine,United Armed Forces of Novorossiya,48.006667,37.512778,POINT (37.512778 48.006667),7,0,0,0,7
2015,2015-06-08T00:00:00,2015-06-09T00:00:00,True,1,13306,Ukraine:Novorossiya,369,5914,Government of Ukraine,United Armed Forces of Novorossiya,48.15,38.65,POINT (38.650000 48.150000),1,0,0,0,1
2015,2015-06-12T00:00:00,2015-06-13T00:00:00,True,1,13306,Ukraine:Novorossiya,369,5914,Government of Ukraine,United Armed Forces of Novorossiya,48.0,37.805278,POINT (37.805278 48.000000),6,0,0,0,6
2015,2015-06-13T00:00:00,2015-06-14T00:00:00,True,1,13306,Ukraine:Novorossiya,369,5914,Government of Ukraine,United Armed Forces of Novorossiya,48.566667,39.3,POINT (39.300000 48.566667),0,0,1,0,1
2015,2015-06-13T00:00:00,2015-06-14T00:00:00,True,1,13306,Ukraine:Novorossiya,369,5914,Government of Ukraine,United Armed Forces of Novorossiya,48.14,37.74,POINT (37.740000 48.140000),1,0,0,0,1
2015,2015-06-14T00:00:00,2015-06-15T00:00:00,True,1,13306,Ukraine:Novorossiya,369,5914,Government of Ukraine,United Armed Forces of Novorossiya,48.15,38.65,POINT (38.650000 48.150000),2,0,0,0,2
2015,2015-06-17T00:00:00,2015-06-18T00:00:00,True,1,13306,Ukraine:Novorossiya,369,5914,Government of Ukraine,United Armed Forces of Novorossiya,48.15,38.65,POINT (38.650000 48.150000),3,0,0,0,3
2015,2015-06-18T00:00:00,2015-06-18T00:00:00,True,1,13306,Ukraine:Novorossiya,369,5914,Government of Ukraine,United Armed Forces of Novorossiya,48.0,37.805278,POINT (37.805278 48.000000),0,0,1,0,1
2015,2015-06-20T00:00:00,2015-06-20T00:00:00,True,1,13306,Ukraine:Novorossiya,369,5914,Government of Ukraine,United Armed Forces of Novorossiya,47.941669,37.504218,POINT (37.504218 47.941669),0,0,1,0,1
2015,2015-06-21T00:00:00,2015-06-22T00:00:00,True,1,13306,Ukraine:Novorossiya,369,5914,Government of Ukraine,United Armed Forces of Novorossiya,48.14,37.74,POINT (37.740000 48.140000),2,0,1,0,3
2015,2015-06-22T00:00:00,2015-06-23T00:00:00,True,1,13306,Ukraine:Novorossiya,369,5914,Government of Ukraine,United Armed Forces of Novorossiya,48.0,37.805278,POINT (37.805278 48.000000),0,0,1,0,1
2015,2015-07-01T00:00:00,2015-07-01T00:00:00,True,1,13306,Ukraine:Novorossiya,369,5914,Government of Ukraine,United Armed Forces of Novorossiya,48.14,37.74,POINT (37.740000 48.140000),1,0,0,0,1
2015,2015-07-08T00:00:00,2015-07-08T00:00:00,True,1,13306,Ukraine:Novorossiya,369,5914,Government of Ukraine,United Armed Forces of Novorossiya,48.92,39.02,POINT (39.020000 48.920000),2,0,0,0,2
2015,2015-07-09T00:00:00,2015-07-10T00:00:00,True,1,13306,Ukraine:Novorossiya,369,5914,Government of Ukraine,United Armed Forces of Novorossiya,48.566667,39.3,POINT (39.300000 48.566667),1,0,0,0,1
2015,2015-07-09T00:00:00,2015-07-10T00:00:00,True,1,13306,Ukraine:Novorossiya,369,5914,Government of Ukraine,United Armed Forces of Novorossiya,48.15,38.65,POINT (38.650000 48.150000),1,0,0,0,1
2015,2015-07-11T00:00:00,2015-07-12T00:00:00,True,1,13306,Ukraine:Novorossiya,369,5914,Government of Ukraine,United Armed Forces of Novorossiya,48.15,38.65,POINT (38.650000 48.150000),0,1,1,0,2
2015,2015-07-25T00:00:00,2015-07-26T00:00:00,True,1,13306,Ukraine:Novorossiya,369,5914,Government of Ukraine,United Armed Forces of Novorossiya,48.3,38.05,POINT (38.050000 48.300000),0,0,1,0,1
2015,2015-07-14T00:00:00,2015-07-15T00:00:00,True,1,13306,Ukraine:Novorossiya,369,5914,Government of Ukraine,United Armed Forces of Novorossiya,48.15,38.65,POINT (38.650000 48.150000),0,2,1,0,3
2015,2015-07-17T00:00:00,2015-07-18T00:00:00,True,1,13306,Ukraine:Novorossiya,369,5914,Government of Ukraine,United Armed Forces of Novorossiya,48.92,39.02,POINT (39.020000 48.920000),1,0,0,0,1
2015,2015-07-17T00:00:00,2015-07-18T00:00:00,True,1,13306,Ukraine:Novorossiya,369,5914,Government of Ukraine,United Armed Forces of Novorossiya,48.0,37.805278,POINT (37.805278 48.000000),0,0,3,0,3
2015,2015-07-18T00:00:00,2015-07-18T00:00:00,True,1,13306,Ukraine:Novorossiya,369,5914,Government of Ukraine,United Armed Forces of Novorossiya,48.0,37.805278,POINT (37.805278 48.000000),0,0,1,0,1
2015,2015-07-18T00:00:00,2015-07-19T00:00:00,True,1,13306,Ukraine:Novorossiya,369,5914,Government of Ukraine,United Armed Forces of Novorossiya,48.0,37.805278,POINT (37.805278 48.000000),1,0,0,0,1
2015,2015-07-18T00:00:00,2015-07-19T00:00:00,True,1,13306,Ukraine:Novorossiya,369,5914,Government of Ukraine,United Armed Forces of Novorossiya,48.097688,37.664988,POINT (37.664988 48.097688),0,0,1,0,1
2015,2015-07-29T00:00:00,2015-07-30T00:00:00,True,1,13306,Ukraine:Novorossiya,369,5914,Government of Ukraine,United Armed Forces of Novorossiya,48.3,38.05,POINT (38.050000 48.300000),0,0,2,0,2
2015,2015-07-26T00:00:00,2015-07-27T00:00:00,True,1,13306,Ukraine:Novorossiya,369,5914,Government of Ukraine,United Armed Forces of Novorossiya,48.145278,37.745,POINT (37.745000 48.145278),0,0,1,0,1
2015,2015-07-26T00:00:00,2015-07-27T00:00:00,True,1,13306,Ukraine:Novorossiya,369,5914,Government of Ukraine,United Armed Forces of Novorossiya,48.15,38.65,POINT (38.650000 48.150000),2,0,0,0,2
2015,2015-07-29T00:00:00,2015-07-30T00:00:00,True,1,13306,Ukraine:Novorossiya,369,5914,Government of Ukraine,United Armed Forces of Novorossiya,48.397804,37.843767,POINT (37.843767 48.397804),1,0,2,0,3
2015,2015-08-01T00:00:00,2015-08-02T00:00:00,True,1,13306,Ukraine:Novorossiya,369,5914,Government of Ukraine,United Armed Forces of Novorossiya,48.92,39.02,POINT (39.020000 48.920000),0,0,1,0,1
2015,2015-07-02T00:00:00,2015-07-03T00:00:00,True,1,13306,Ukraine:Novorossiya,369,5914,Government of Ukraine,United Armed Forces of Novorossiya,48.0,37.805278,POINT (37.805278 48.000000),4,0,0,0,4
2015,2015-08-05T00:00:00,2015-08-06T00:00:00,True,1,13306,Ukraine:Novorossiya,369,5914,Government of Ukraine,United Armed Forces of Novorossiya,48.3,38.05,POINT (38.050000 48.300000),0,0,2,0,2
2015,2015-08-05T00:00:00,2015-08-06T00:00:00,True,1,13306,Ukraine:Novorossiya,369,5914,Government of Ukraine,United Armed Forces of Novorossiya,48.15,38.65,POINT (38.650000 48.150000),5,0,0,0,5
2015,2015-08-07T00:00:00,2015-08-08T00:00:00,True,1,13306,Ukraine:Novorossiya,369,5914,Government of Ukraine,United Armed Forces of Novorossiya,48.15,38.65,POINT (38.650000 48.150000),1,0,0,0,1
2015,2015-08-09T00:00:00,2015-08-09T00:00:00,True,1,13306,Ukraine:Novorossiya,369,5914,Government of Ukraine,United Armed Forces of Novorossiya,48.41955,38.032433,POINT (38.032433 48.419550),0,0,1,0,1
2015,2015-08-11T00:00:00,2015-08-12T00:00:00,True,1,13306,Ukraine:Novorossiya,369,5914,Government of Ukraine,United Armed Forces of Novorossiya,47.095833,37.549444,POINT (37.549444 47.095833),1,0,0,0,1
2015,2015-08-13T00:00:00,2015-08-14T00:00:00,True,1,13306,Ukraine:Novorossiya,369,5914,Government of Ukraine,United Armed Forces of Novorossiya,48.15,38.65,POINT (38.650000 48.150000),1,0,0,0,1
2015,2015-08-13T00:00:00,2015-08-14T00:00:00,True,1,13306,Ukraine:Novorossiya,369,5914,Government of Ukraine,United Armed Forces of Novorossiya,48.3,38.05,POINT (38.050000 48.300000),0,0,1,0,1
2015,2015-08-14T00:00:00,2015-08-15T00:00:00,True,1,13306,Ukraine:Novorossiya,369,5914,Government of Ukraine,United Armed Forces of Novorossiya,47.095833,37.549444,POINT (37.549444 47.095833),0,0,3,0,3
2015,2015-08-16T00:00:00,2015-08-17T00:00:00,True,1,13306,Ukraine:Novorossiya,369,5914,Government of Ukraine,United Armed Forces of Novorossiya,48.3,38.05,POINT (38.050000 48.300000),0,0,3,0,3
2015,2015-08-17T00:00:00,2015-08-17T00:00:00,True,1,13306,Ukraine:Novorossiya,369,5914,Government of Ukraine,United Armed Forces of Novorossiya,48.0,37.805278,POINT (37.805278 48.000000),0,0,2,0,2
2015,2015-08-16T00:00:00,2015-08-17T00:00:00,True,1,13306,Ukraine:Novorossiya,369,5914,Government of Ukraine,United Armed Forces of Novorossiya,48.15,38.65,POINT (38.650000 48.150000),2,0,1,0,3
2015,2015-08-17T00:00:00,2015-08-18T00:00:00,True,1,13306,Ukraine:Novorossiya,369,5914,Government of Ukraine,United Armed Forces of Novorossiya,48.15,38.65,POINT (38.650000 48.150000),1,0,0,0,1
2015,2015-08-19T00:00:00,2015-08-20T00:00:00,True,1,13306,Ukraine:Novorossiya,369,5914,Government of Ukraine,United Armed Forces of Novorossiya,48.92,39.02,POINT (39.020000 48.920000),4,0,0,0,4
2015,2015-08-15T00:00:00,2015-08-21T00:00:00,True,1,13306,Ukraine:Novorossiya,369,5914,Government of Ukraine,United Armed Forces of Novorossiya,48.14,37.74,POINT (37.740000 48.140000),0,0,0,0,0
2015,2015-09-10T00:00:00,2015-09-10T00:00:00,True,1,13306,Ukraine:Novorossiya,369,5914,Government of Ukraine,United Armed Forces of Novorossiya,48.92,39.02,POINT (39.020000 48.920000),2,0,0,0,2
2014,2014-02-18T00:00:00,2014-02-18T00:00:00,True,1,13219,Ukraine:Government,369,5817,Government of Ukraine,Maidan,50.45,30.52333,POINT (30.523330 50.450000),10,4,0,12,26
2014,2014-05-02T00:00:00,2014-05-02T00:00:00,True,1,13246,Ukraine:Donetsk,369,5840,Government of Ukraine,Donetsk People's Republic,48.853333,37.625,POINT (37.625000 48.853333),1,0,0,0,1
2014,2014-06-05T00:00:00,2014-06-05T00:00:00,True,1,13246,Ukraine:Donetsk,369,5840,Government of Ukraine,Donetsk People's Republic,48.853333,37.625,POINT (37.625000 48.853333),2,10,0,0,12
2014,2014-06-19T00:00:00,2014-06-20T00:00:00,True,1,13246,Ukraine:Donetsk,369,5840,Government of Ukraine,Donetsk People's Republic,48.985278,37.811111,POINT (37.811111 48.985278),13,0,0,0,13
2014,2014-07-09T00:00:00,2014-07-10T00:00:00,True,1,13246,Ukraine:Donetsk,369,5840,Government of Ukraine,Donetsk People's Republic,48.0,37.805278,POINT (37.805278 48.000000),2,0,0,0,2
2014,2014-07-11T00:00:00,2014-07-11T00:00:00,True,1,13247,Ukraine:Lugansk,369,5839,Government of Ukraine,Lugansk People's Republic,48.566667,39.3,POINT (39.300000 48.566667),0,0,4,0,4
2014,2014-07-31T00:00:00,2014-08-01T00:00:00,True,1,13247,Ukraine:Lugansk,369,5839,Government of Ukraine,Lugansk People's Republic,48.566667,39.3,POINT (39.300000 48.566667),0,0,5,0,5
2014,2014-08-26T00:00:00,2014-08-26T00:00:00,True,1,13247,Ukraine:Lugansk,369,5839,Government of Ukraine,Lugansk People's Republic,48.85,39.845,POINT (39.845000 48.850000),4,0,0,0,4
2014,2014-09-17T00:00:00,2014-09-17T00:00:00,True,1,13306,Ukraine:Novorossiya,369,5914,Government of Ukraine,United Armed Forces of Novorossiya,48.113883,38.160326,POINT (38.160326 48.113883),0,10,0,0,10
2014,2014-09-28T00:00:00,2014-09-29T00:00:00,True,1,13306,Ukraine:Novorossiya,369,5914,Government of Ukraine,United Armed Forces of Novorossiya,48.0,37.805278,POINT (37.805278 48.000000),0,0,3,0,3
2014,2014-10-06T00:00:00,2014-10-07T00:00:00,True,1,13306,Ukraine:Novorossiya,369,5914,Government of Ukraine,United Armed Forces of Novorossiya,47.961389,37.646389,POINT (37.646389 47.961389),0,0,4,0,4
2014,2014-11-04T00:00:00,2014-11-05T00:00:00,True,1,13306,Ukraine:Novorossiya,369,5914,Government of Ukraine,United Armed Forces of Novorossiya,48.0,37.805278,POINT (37.805278 48.000000),0,0,0,1,1
2014,2014-11-14T00:00:00,2014-11-14T00:00:00,True,1,13306,Ukraine:Novorossiya,369,5914,Government of Ukraine,United Armed Forces of Novorossiya,48.15,38.65,POINT (38.650000 48.150000),4,0,0,0,4
2014,2014-11-17T00:00:00,2014-11-18T00:00:00,True,1,13306,Ukraine:Novorossiya,369,5914,Government of Ukraine,United Armed Forces of Novorossiya,48.15,38.65,POINT (38.650000 48.150000),5,0,0,0,5
2014,2014-12-18T00:00:00,2014-12-18T00:00:00,True,1,13306,Ukraine:Novorossiya,369,5914,Government of Ukraine,United Armed Forces of Novorossiya,48.92,39.02,POINT (39.020000 48.920000),5,0,0,0,5
2014,2014-09-26T00:00:00,2014-09-30T00:00:00,True,1,13306,Ukraine:Novorossiya,369,5914,Government of Ukraine,United Armed Forces of Novorossiya,48.15,38.65,POINT (38.650000 48.150000),0,0,0,51,51
2014,2014-10-22T00:00:00,2014-10-29T00:00:00,True,1,13306,Ukraine:Novorossiya,369,5914,Government of Ukraine,United Armed Forces of Novorossiya,48.15,38.65,POINT (38.650000 48.150000),0,0,306,0,306
2015,2015-01-01T00:00:00,2015-01-01T00:00:00,True,1,13306,Ukraine:Novorossiya,369,5914,Government of Ukraine,United Armed Forces of Novorossiya,48.92,39.02,POINT (39.020000 48.920000),0,0,1,0,1
2015,2015-01-15T00:00:00,2015-01-16T00:00:00,True,1,13306,Ukraine:Novorossiya,369,5914,Government of Ukraine,United Armed Forces of Novorossiya,48.2736,38.60835,POINT (38.608350 48.273600),0,0,1,0,1
2015,2015-01-13T00:00:00,2015-01-22T00:00:00,True,1,13306,Ukraine:Novorossiya,369,5914,Government of Ukraine,United Armed Forces of Novorossiya,48.15,38.65,POINT (38.650000 48.150000),0,0,0,145,145
2015,2015-01-25T00:00:00,2015-01-26T00:00:00,True,1,13306,Ukraine:Novorossiya,369,5914,Government of Ukraine,United Armed Forces of Novorossiya,48.92,39.02,POINT (39.020000 48.920000),0,0,2,0,2
2015,2015-04-29T00:00:00,2015-04-30T00:00:00,True,1,13306,Ukraine:Novorossiya,369,5914,Government of Ukraine,United Armed Forces of Novorossiya,48.15,38.65,POINT (38.650000 48.150000),1,0,0,0,1
2015,2015-05-19T00:00:00,2015-05-19T00:00:00,True,1,13306,Ukraine:Novorossiya,369,5914,Government of Ukraine,United Armed Forces of Novorossiya,48.668695,38.483163,POINT (38.483163 48.668695),4,0,0,0,4
2015,2015-05-30T00:00:00,2015-05-31T00:00:00,True,1,13306,Ukraine:Novorossiya,369,5914,Government of Ukraine,United Armed Forces of Novorossiya,47.941669,37.504218,POINT (37.504218 47.941669),3,0,0,0,3
2015,2015-01-09T00:00:00,2015-01-09T00:00:00,True,1,13306,Ukraine:Novorossiya,369,5914,Government of Ukraine,United Armed Forces of Novorossiya,48.075,37.725556,POINT (37.725556 48.075000),4,0,4,0,8
2015,2015-06-10T00:00:00,2015-06-11T00:00:00,True,1,13306,Ukraine:Novorossiya,369,5914,Government of Ukraine,United Armed Forces of Novorossiya,48.566667,39.3,POINT (39.300000 48.566667),1,0,0,0,1
2015,2015-06-22T00:00:00,2015-06-23T00:00:00,True,1,13306,Ukraine:Novorossiya,369,5914,Government of Ukraine,United Armed Forces of Novorossiya,48.15,38.65,POINT (38.650000 48.150000),1,0,1,0,2
2015,2015-08-03T00:00:00,2015-08-04T00:00:00,True,1,13306,Ukraine:Novorossiya,369,5914,Government of Ukraine,United Armed Forces of Novorossiya,48.15,38.65,POINT (38.650000 48.150000),3,1,0,0,4
2015,2015-11-15T00:00:00,2015-11-16T00:00:00,True,1,13306,Ukraine:Novorossiya,369,5914,Government of Ukraine,United Armed Forces of Novorossiya,48.92,39.02,POINT (39.020000 48.920000),3,0,0,0,3
2015,2015-03-23T00:00:00,2015-03-24T00:00:00,True,1,13306,Ukraine:Novorossiya,369,5914,Government of Ukraine,United Armed Forces of Novorossiya,48.15,38.65,POINT (38.650000 48.150000),1,2,0,0,3
2015,2015-05-05T00:00:00,2015-05-06T00:00:00,True,1,13306,Ukraine:Novorossiya,369,5914,Government of Ukraine,United Armed Forces of Novorossiya,48.15,38.65,POINT (38.650000 48.150000),1,0,0,0,1
2015,2015-05-15T00:00:00,2015-05-16T00:00:00,True,1,13306,Ukraine:Novorossiya,369,5914,Government of Ukraine,United Armed Forces of Novorossiya,48.15,38.65,POINT (38.650000 48.150000),1,0,0,0,1
2015,2015-05-16T00:00:00,2015-05-17T00:00:00,True,1,13306,Ukraine:Novorossiya,369,5914,Government of Ukraine,United Armed Forces of Novorossiya,48.435297,38.220482,POINT (38.220482 48.435297),2,0,0,0,2
2015,2015-08-16T00:00:00,2015-08-16T00:00:00,True,1,13306,Ukraine:Novorossiya,369,5914,Government of Ukraine,United Armed Forces of Novorossiya,47.18,37.69,POINT (37.690000 47.180000),0,0,2,0,2
2015,2015-10-09T00:00:00,2015-10-10T00:00:00,True,1,13306,Ukraine:Novorossiya,369,5914,Government of Ukraine,United Armed Forces of Novorossiya,48.075,37.725556,POINT (37.725556 48.075000),0,0,0,1,1
2015,2015-08-26T00:00:00,2015-08-27T00:00:00,True,1,13306,Ukraine:Novorossiya,369,5914,Government of Ukraine,United Armed Forces of Novorossiya,48.14,37.74,POINT (37.740000 48.140000),8,0,0,0,8
2015,2015-08-28T00:00:00,2015-08-28T00:00:00,True,1,13306,Ukraine:Novorossiya,369,5914,Government of Ukraine,United Armed Forces of Novorossiya,48.14,37.74,POINT (37.740000 48.140000),0,1,2,0,3
2015,2015-11-11T00:00:00,2015-11-11T00:00:00,True,1,13306,Ukraine:Novorossiya,369,5914,Government of Ukraine,United Armed Forces of Novorossiya,47.454601,37.864028,POINT (37.864028 47.454601),1,0,0,0,1
2015,2015-11-13T00:00:00,2015-11-13T00:00:00,True,1,13306,Ukraine:Novorossiya,369,5914,Government of Ukraine,United Armed Forces of Novorossiya,47.941669,37.504218,POINT (37.504218 47.941669),0,0,2,0,2
2015,2015-08-25T00:00:00,2015-08-25T00:00:00,True,1,13306,Ukraine:Novorossiya,369,5914,Government of Ukraine,United Armed Forces of Novorossiya,48.14,37.74,POINT (37.740000 48.140000),4,0,1,0,5
2015,2015-10-30T00:00:00,2015-10-30T00:00:00,True,1,13306,Ukraine:Novorossiya,369,5914,Government of Ukraine,United Armed Forces of Novorossiya,48.075,37.725556,POINT (37.725556 48.075000),0,1,0,0,1
2015,2015-11-13T00:00:00,2015-11-13T00:00:00,True,1,13306,Ukraine:Novorossiya,369,5914,Government of Ukraine,United Armed Forces of Novorossiya,48.41955,38.032433,POINT (38.032433 48.419550),1,0,0,0,1
2015,2015-10-15T00:00:00,2015-10-15T00:00:00,True,1,13306,Ukraine:Novorossiya,369,5914,Government of Ukraine,United Armed Forces of Novorossiya,48.694329,39.453292,POINT (39.453292 48.694329),0,0,2,0,2
2015,2015-10-20T00:00:00,2015-10-20T00:00:00,True,1,13306,Ukraine:Novorossiya,369,5914,Government of Ukraine,United Armed Forces of Novorossiya,48.0,37.805278,POINT (37.805278 48.000000),0,1,0,0,1
2015,2015-10-27T00:00:00,2015-10-27T00:00:00,True,1,13306,Ukraine:Novorossiya,369,5914,Government of Ukraine,United Armed Forces of Novorossiya,48.075,37.725556,POINT (37.725556 48.075000),1,0,0,0,1
2015,2015-10-31T00:00:00,2015-10-31T00:00:00,True,1,13306,Ukraine:Novorossiya,369,5914,Government of Ukraine,United Armed Forces of Novorossiya,48.14,37.74,POINT (37.740000 48.140000),0,2,0,0,2
2015,2015-11-10T00:00:00,2015-11-10T00:00:00,True,1,13306,Ukraine:Novorossiya,369,5914,Government of Ukraine,United Armed Forces of Novorossiya,48.572975,39.577325,POINT (39.577325 48.572975),0,1,0,0,1
2015,2015-01-17T00:00:00,2015-01-17T00:00:00,True,1,13306,Ukraine:Novorossiya,369,5914,Government of Ukraine,United Armed Forces of Novorossiya,48.633333,38.38,POINT (38.380000 48.633333),0,0,1,0,1
2015,2015-01-22T00:00:00,2015-01-22T00:00:00,True,1,13306,Ukraine:Novorossiya,369,5914,Government of Ukraine,United Armed Forces of Novorossiya,48.0,37.805278,POINT (37.805278 48.000000),0,0,13,0,13
2015,2015-01-20T00:00:00,2015-01-21T00:00:00,True,1,13306,Ukraine:Novorossiya,369,5914,Government of Ukraine,United Armed Forces of Novorossiya,48.0,37.805278,POINT (37.805278 48.000000),0,0,5,0,5
2015,2015-06-04T00:00:00,2015-06-04T00:00:00,True,1,13306,Ukraine:Novorossiya,369,5914,Government of Ukraine,United Armed Forces of Novorossiya,47.411805,38.01457,POINT (38.014570 47.411805),0,0,1,0,1
2015,2015-10-14T00:00:00,2015-10-14T00:00:00,True,1,13306,Ukraine:Novorossiya,369,5914,Government of Ukraine,United Armed Forces of Novorossiya,48.145278,37.745,POINT (37.745000 48.145278),1,0,0,0,1
2015,2015-11-14T00:00:00,2015-11-15T00:00:00,True,1,13306,Ukraine:Novorossiya,369,5914,Government of Ukraine,United Armed Forces of Novorossiya,48.15,38.65,POINT (38.650000 48.150000),5,0,0,0,5
2015,2015-11-14T00:00:00,2015-11-15T00:00:00,True,1,13306,Ukraine:Novorossiya,369,5914,Government of Ukraine,United Armed Forces of Novorossiya,48.0,37.805278,POINT (37.805278 48.000000),1,0,0,0,1
2015,2015-12-04T00:00:00,2015-12-04T00:00:00,True,1,13306,Ukraine:Novorossiya,369,5914,Government of Ukraine,United Armed Forces of Novorossiya,48.41955,38.032433,POINT (38.032433 48.419550),0,0,1,0,1
2015,2015-12-06T00:00:00,2015-12-06T00:00:00,True,1,13306,Ukraine:Novorossiya,369,5914,Government of Ukraine,United Armed Forces of Novorossiya,48.41955,38.032433,POINT (38.032433 48.419550),1,0,0,0,1
2015,2015-08-16T00:00:00,2015-12-09T00:00:00,True,1,13306,Ukraine:Novorossiya,369,5914,Government of Ukraine,United Armed Forces of Novorossiya,48.15,38.65,POINT (38.650000 48.150000),0,0,32,0,32
2015,2015-12-27T00:00:00,2015-12-27T00:00:00,True,1,13306,Ukraine:Novorossiya,369,5914,Government of Ukraine,United Armed Forces of Novorossiya,48.41955,38.032433,POINT (38.032433 48.419550),1,0,2,0,3
2015,2015-09-04T00:00:00,2015-09-04T00:00:00,True,1,13306,Ukraine:Novorossiya,369,5914,Government of Ukraine,United Armed Forces of Novorossiya,48.92,39.02,POINT (39.020000 48.920000),1,0,0,0,1
2015,2015-05-16T00:00:00,2015-08-15T00:00:00,True,1,13306,Ukraine:Novorossiya,369,5914,Government of Ukraine,United Armed Forces of Novorossiya,48.15,38.65,POINT (38.650000 48.150000),0,0,59,0,59
2015,2015-09-13T00:00:00,2015-09-14T00:00:00,True,1,13306,Ukraine:Novorossiya,369,5914,Government of Ukraine,United Armed Forces of Novorossiya,48.15,38.65,POINT (38.650000 48.150000),2,0,0,0,2
2015,2015-09-18T00:00:00,2015-09-18T00:00:00,True,1,13306,Ukraine:Novorossiya,369,5914,Government of Ukraine,United Armed Forces of Novorossiya,48.15,38.65,POINT (38.650000 48.150000),2,0,0,0,2
2015,2015-09-19T00:00:00,2015-09-19T00:00:00,True,1,13306,Ukraine:Novorossiya,369,5914,Government of Ukraine,United Armed Forces of Novorossiya,48.92,39.02,POINT (39.020000 48.920000),1,0,0,0,1
2015,2015-09-26T00:00:00,2015-09-26T00:00:00,True,1,13306,Ukraine:Novorossiya,369,5914,Government of Ukraine,United Armed Forces of Novorossiya,48.3,38.05,POINT (38.050000 48.300000),1,0,0,0,1
2014,2014-07-27T00:00:00,2014-08-10T00:00:00,True,1,13246,Ukraine:Donetsk,369,5840,Government of Ukraine,Donetsk People's Republic,48.3,38.05,POINT (38.050000 48.300000),0,0,0,3,3
2014,2014-08-20T00:00:00,2014-08-20T00:00:00,True,1,13246,Ukraine:Donetsk,369,5840,Government of Ukraine,Donetsk People's Republic,47.926,38.194,POINT (38.194000 47.926000),9,0,0,0,9
2014,2014-01-22T00:00:00,2014-01-22T00:00:00,True,1,13219,Ukraine:Government,369,5817,Government of Ukraine,Maidan,50.45,30.52333,POINT (30.523330 50.450000),0,5,0,0,5
2014,2014-02-18T00:00:00,2014-02-21T00:00:00,True,1,13219,Ukraine:Government,369,5817,Government of Ukraine,Maidan,50.45,30.52333,POINT (30.523330 50.450000),0,0,0,6,6
2014,2014-01-27T00:00:00,2014-01-27T00:00:00,True,1,13219,Ukraine:Government,369,5817,Government of Ukraine,Maidan,50.45,30.52333,POINT (30.523330 50.450000),0,0,0,1,1
2014,2014-02-18T00:00:00,2014-02-20T00:00:00,True,1,13219,Ukraine:Government,369,5817,Government of Ukraine,Maidan,50.45,30.52333,POINT (30.523330 50.450000),0,0,0,2,2
2014,2014-02-20T00:00:00,2014-02-20T00:00:00,True,1,13219,Ukraine:Government,369,5817,Government of Ukraine,Maidan,50.45,30.52333,POINT (30.523330 50.450000),2,46,0,0,48
2014,2014-03-13T00:00:00,2014-03-13T00:00:00,True,2,13240,Supporters of independence for Eastern Ukraine - Supporters of Ukrainian unity,5837,5836,Supporters of independence for Eastern Ukraine,Supporters of Ukrainian unity,48.0,37.805278,POINT (37.805278 48.000000),0,1,0,0,1
2014,2014-04-12T00:00:00,2014-04-12T00:00:00,True,1,13246,Ukraine:Donetsk,369,5840,Government of Ukraine,Donetsk People's Republic,48.853333,37.625,POINT (37.625000 48.853333),1,2,0,0,3
2014,2014-04-13T00:00:00,2014-04-13T00:00:00,True,1,13246,Ukraine:Donetsk,369,5840,Government of Ukraine,Donetsk People's Republic,48.776492,37.778737,POINT (37.778737 48.776492),0,0,0,1,1
2014,2014-04-16T00:00:00,2014-04-17T00:00:00,True,1,13246,Ukraine:Donetsk,369,5840,Government of Ukraine,Donetsk People's Republic,47.095833,37.549444,POINT (37.549444 47.095833),0,3,0,0,3
2014,2014-04-16T00:00:00,2014-04-16T00:00:00,True,1,13246,Ukraine:Donetsk,369,5840,Government of Ukraine,Donetsk People's Republic,48.7067,37.6302,POINT (37.630200 48.706700),0,0,0,0,0
2014,2014-04-20T00:00:00,2014-04-20T00:00:00,True,1,13246,Ukraine:Donetsk,369,5840,Government of Ukraine,Donetsk People's Republic,48.853333,37.625,POINT (37.625000 48.853333),1,3,0,0,4
2014,2014-09-06T00:00:00,2014-09-06T00:00:00,True,1,13246,Ukraine:Donetsk,369,5840,Government of Ukraine,Donetsk People's Republic,47.095833,37.549444,POINT (37.549444 47.095833),0,0,1,0,1
2014,2014-11-24T00:00:00,2014-11-25T00:00:00,True,1,13306,Ukraine:Novorossiya,369,5914,Government of Ukraine,United Armed Forces of Novorossiya,48.3,38.05,POINT (38.050000 48.300000),0,0,1,0,1
2014,2014-07-13T00:00:00,2014-07-13T00:00:00,True,1,13247,Ukraine:Lugansk,369,5839,Government of Ukraine,Lugansk People's Republic,48.587,39.184193,POINT (39.184193 48.587000),0,30,0,0,30
2014,2014-07-02T00:00:00,2014-07-02T00:00:00,True,1,13247,Ukraine:Lugansk,369,5839,Government of Ukraine,Lugansk People's Republic,48.694329,39.453292,POINT (39.453292 48.694329),0,0,10,0,10
2014,2014-04-24T00:00:00,2014-04-24T00:00:00,True,1,13246,Ukraine:Donetsk,369,5840,Government of Ukraine,Donetsk People's Republic,48.853333,37.625,POINT (37.625000 48.853333),0,5,0,0,5
2014,2014-05-01T00:00:00,2014-05-01T00:00:00,True,1,13246,Ukraine:Donetsk,369,5840,Government of Ukraine,Donetsk People's Republic,48.853333,37.625,POINT (37.625000 48.853333),2,0,0,0,2
2014,2014-05-02T00:00:00,2014-05-02T00:00:00,True,1,13246,Ukraine:Donetsk,369,5840,Government of Ukraine,Donetsk People's Republic,48.853333,37.625,POINT (37.625000 48.853333),0,3,2,0,5
2014,2014-05-02T00:00:00,2014-05-02T00:00:00,True,2,13240,Supporters of independence for Eastern Ukraine - Supporters of Ukrainian unity,5837,5836,Supporters of independence for Eastern Ukraine,Supporters of Ukrainian unity,46.466667,30.733333,POINT (30.733333 46.466667),0,0,0,45,45
2014,2014-05-02T00:00:00,2014-05-02T00:00:00,True,1,13246,Ukraine:Donetsk,369,5840,Government of Ukraine,Donetsk People's Republic,48.853333,37.625,POINT (37.625000 48.853333),2,0,0,0,2
2014,2014-05-03T00:00:00,2014-05-03T00:00:00,True,1,13246,Ukraine:Donetsk,369,5840,Government of Ukraine,Donetsk People's Republic,48.853333,37.625,POINT (37.625000 48.853333),5,0,0,5,10
2014,2014-05-03T00:00:00,2014-05-03T00:00:00,True,1,13246,Ukraine:Donetsk,369,5840,Government of Ukraine,Donetsk People's Republic,48.817931,37.551012,POINT (37.551012 48.817931),0,0,0,0,0
2014,2014-05-04T00:00:00,2014-05-04T00:00:00,True,1,13247,Ukraine:Lugansk,369,5839,Government of Ukraine,Lugansk People's Republic,48.566667,39.3,POINT (39.300000 48.566667),0,1,0,0,1
2014,2014-05-05T00:00:00,2014-05-05T00:00:00,True,1,13246,Ukraine:Donetsk,369,5840,Government of Ukraine,Donetsk People's Republic,48.853333,37.625,POINT (37.625000 48.853333),4,4,2,0,10
2014,2014-10-01T00:00:00,2014-10-02T00:00:00,True,1,13306,Ukraine:Novorossiya,369,5914,Government of Ukraine,United Armed Forces of Novorossiya,48.075,37.725556,POINT (37.725556 48.075000),1,0,0,0,1
2014,2014-05-03T00:00:00,2014-05-03T00:00:00,True,1,13246,Ukraine:Donetsk,369,5840,Government of Ukraine,Donetsk People's Republic,48.716667,37.533333,POINT (37.533333 48.716667),0,0,0,1,1
2014,2014-05-09T00:00:00,2014-05-09T00:00:00,True,1,13246,Ukraine:Donetsk,369,5840,Government of Ukraine,Donetsk People's Republic,47.095833,37.549444,POINT (37.549444 47.095833),1,7,0,0,8
2014,2014-05-26T00:00:00,2014-05-27T00:00:00,True,1,13246,Ukraine:Donetsk,369,5840,Government of Ukraine,Donetsk People's Republic,48.3,38.05,POINT (38.050000 48.300000),2,0,0,0,2
2014,2014-07-14T00:00:00,2014-07-15T00:00:00,True,1,13247,Ukraine:Lugansk,369,5839,Government of Ukraine,Lugansk People's Republic,48.92,39.02,POINT (39.020000 48.920000),6,0,0,0,6
2014,2014-05-19T00:00:00,2014-05-19T00:00:00,True,1,13246,Ukraine:Donetsk,369,5840,Government of Ukraine,Donetsk People's Republic,48.853333,37.625,POINT (37.625000 48.853333),1,0,0,0,1
2014,2014-05-13T00:00:00,2014-05-13T00:00:00,True,1,13246,Ukraine:Donetsk,369,5840,Government of Ukraine,Donetsk People's Republic,48.462882,37.349593,POINT (37.349593 48.462882),7,0,0,0,7
2014,2014-05-21T00:00:00,2014-05-22T00:00:00,True,1,13246,Ukraine:Donetsk,369,5840,Government of Ukraine,Donetsk People's Republic,47.595,37.4825,POINT (37.482500 47.595000),16,1,0,0,17
2014,2014-05-21T00:00:00,2014-05-22T00:00:00,True,1,13247,Ukraine:Lugansk,369,5839,Government of Ukraine,Lugansk People's Republic,49.01,38.3714,POINT (38.371400 49.010000),1,0,0,0,1
2014,2014-05-23T00:00:00,2014-05-23T00:00:00,True,1,13246,Ukraine:Donetsk,369,5840,Government of Ukraine,Donetsk People's Republic,48.1111,37.4884,POINT (37.488400 48.111100),5,10,0,0,15
2014,2014-05-22T00:00:00,2014-05-22T00:00:00,True,1,13247,Ukraine:Lugansk,369,5839,Government of Ukraine,Lugansk People's Republic,49.0142,38.3,POINT (38.300000 49.014200),0,0,0,0,0
2014,2014-05-25T00:00:00,2014-05-25T00:00:00,True,1,13247,Ukraine:Lugansk,369,5839,Government of Ukraine,Lugansk People's Republic,48.97,39.0,POINT (39.000000 48.970000),0,0,0,1,1
2014,2014-05-25T00:00:00,2014-05-25T00:00:00,True,1,13246,Ukraine:Donetsk,369,5840,Government of Ukraine,Donetsk People's Republic,47.095833,37.549444,POINT (37.549444 47.095833),0,0,0,1,1
2014,2014-05-24T00:00:00,2014-05-24T00:00:00,True,1,13246,Ukraine:Donetsk,369,5840,Government of Ukraine,Donetsk People's Republic,48.853333,37.625,POINT (37.625000 48.853333),0,0,2,0,2
2014,2014-05-26T00:00:00,2014-05-27T00:00:00,True,1,13246,Ukraine:Donetsk,369,5840,Government of Ukraine,Donetsk People's Republic,48.075,37.725556,POINT (37.725556 48.075000),0,50,0,0,50
2014,2014-06-06T00:00:00,2014-06-06T00:00:00,True,1,13246,Ukraine:Donetsk,369,5840,Government of Ukraine,Donetsk People's Republic,48.853333,37.625,POINT (37.625000 48.853333),1,0,0,0,1
2014,2014-05-29T00:00:00,2014-05-29T00:00:00,True,1,13246,Ukraine:Donetsk,369,5840,Government of Ukraine,Donetsk People's Republic,48.853333,37.625,POINT (37.625000 48.853333),12,0,0,0,12
2014,2014-06-02T00:00:00,2014-06-02T00:00:00,True,1,13246,Ukraine:Donetsk,369,5840,Government of Ukraine,Donetsk People's Republic,47.866121,38.858509,POINT (38.858509 47.866121),0,1,0,0,1
2014,2014-06-02T00:00:00,2014-06-02T00:00:00,True,1,13247,Ukraine:Lugansk,369,5839,Government of Ukraine,Lugansk People's Republic,48.566667,39.3,POINT (39.300000 48.566667),0,5,0,2,7
2014,2014-06-14T00:00:00,2014-06-14T00:00:00,True,1,13246,Ukraine:Donetsk,369,5840,Government of Ukraine,Donetsk People's Republic,47.095833,37.549444,POINT (37.549444 47.095833),5,0,0,0,5
2014,2014-06-03T00:00:00,2014-06-04T00:00:00,True,1,13247,Ukraine:Lugansk,369,5839,Government of Ukraine,Lugansk People's Republic,48.566667,39.3,POINT (39.300000 48.566667),0,6,0,0,6
2014,2014-06-10T00:00:00,2014-06-10T00:00:00,True,1,13246,Ukraine:Donetsk,369,5840,Government of Ukraine,Donetsk People's Republic,48.7067,37.6302,POINT (37.630200 48.706700),0,40,0,0,40
2014,2014-06-13T00:00:00,2014-06-13T00:00:00,True,1,13246,Ukraine:Donetsk,369,5840,Government of Ukraine,Donetsk People's Republic,47.095833,37.549444,POINT (37.549444 47.095833),0,5,0,0,5
2014,2014-06-14T00:00:00,2014-06-14T00:00:00,True,1,13247,Ukraine:Lugansk,369,5839,Government of Ukraine,Lugansk People's Republic,48.566667,39.3,POINT (39.300000 48.566667),49,0,0,0,49
2014,2014-06-14T00:00:00,2014-06-14T00:00:00,True,1,13246,Ukraine:Donetsk,369,5840,Government of Ukraine,Donetsk People's Republic,48.621389,37.527778,POINT (37.527778 48.621389),0,50,0,0,50
2014,2014-06-23T00:00:00,2014-06-24T00:00:00,True,1,13246,Ukraine:Donetsk,369,5840,Government of Ukraine,Donetsk People's Republic,48.853333,37.625,POINT (37.625000 48.853333),1,0,0,0,1
2014,2014-06-17T00:00:00,2014-06-17T00:00:00,True,1,13247,Ukraine:Lugansk,369,5839,Government of Ukraine,Lugansk People's Republic,48.566667,39.3,POINT (39.300000 48.566667),0,0,2,8,10
2014,2014-06-10T00:00:00,2014-06-10T00:00:00,True,1,13246,Ukraine:Donetsk,369,5840,Government of Ukraine,Donetsk People's Republic,48.669793,37.652631,POINT (37.652631 48.669793),0,0,2,0,2
2014,2014-06-20T00:00:00,2014-06-20T00:00:00,True,1,13246,Ukraine:Donetsk,369,5840,Government of Ukraine,Donetsk People's Republic,48.853333,37.625,POINT (37.625000 48.853333),0,0,2,0,2
2014,2014-06-24T00:00:00,2014-06-24T00:00:00,True,1,13246,Ukraine:Donetsk,369,5840,Government of Ukraine,Donetsk People's Republic,48.853333,37.625,POINT (37.625000 48.853333),9,0,0,0,9
2014,2014-06-29T00:00:00,2014-06-29T00:00:00,True,1,13246,Ukraine:Donetsk,369,5840,Government of Ukraine,Donetsk People's Republic,48.0,37.805278,POINT (37.805278 48.000000),0,0,1,0,1
2014,2014-06-24T00:00:00,2014-06-24T00:00:00,True,1,13246,Ukraine:Donetsk,369,5840,Government of Ukraine,Donetsk People's Republic,48.669793,37.652631,POINT (37.652631 48.669793),0,0,0,5,5
2014,2014-06-24T00:00:00,2014-06-24T00:00:00,True,1,13246,Ukraine:Donetsk,369,5840,Government of Ukraine,Donetsk People's Republic,48.14,37.74,POINT (37.740000 48.140000),1,0,0,0,1
2014,2014-06-26T00:00:00,2014-06-27T00:00:00,True,1,13246,Ukraine:Donetsk,369,5840,Government of Ukraine,Donetsk People's Republic,48.716667,37.533333,POINT (37.533333 48.716667),4,0,0,0,4
2014,2014-06-28T00:00:00,2014-06-28T00:00:00,True,1,13246,Ukraine:Donetsk,369,5840,Government of Ukraine,Donetsk People's Republic,48.853333,37.625,POINT (37.625000 48.853333),3,0,0,0,3
2014,2014-06-30T00:00:00,2014-07-01T00:00:00,True,1,13246,Ukraine:Donetsk,369,5840,Government of Ukraine,Donetsk People's Republic,48.0,37.805278,POINT (37.805278 48.000000),1,0,0,0,1
2014,2014-07-03T00:00:00,2014-07-03T00:00:00,True,1,13246,Ukraine:Donetsk,369,5840,Government of Ukraine,Donetsk People's Republic,48.0,37.805278,POINT (37.805278 48.000000),0,3,0,0,3
2014,2014-07-04T00:00:00,2014-07-04T00:00:00,True,1,13246,Ukraine:Donetsk,369,5840,Government of Ukraine,Donetsk People's Republic,48.853333,37.625,POINT (37.625000 48.853333),13,0,0,0,13
2014,2014-07-11T00:00:00,2014-07-11T00:00:00,True,1,13247,Ukraine:Lugansk,369,5839,Government of Ukraine,Lugansk People's Republic,47.914775,39.471546,POINT (39.471546 47.914775),23,0,0,0,23
2014,2014-07-10T00:00:00,2014-07-11T00:00:00,True,1,13246,Ukraine:Donetsk,369,5840,Government of Ukraine,Donetsk People's Republic,48.1111,37.4884,POINT (37.488400 48.111100),1,0,0,0,1
2014,2014-07-09T00:00:00,2014-07-09T00:00:00,True,1,13247,Ukraine:Lugansk,369,5839,Government of Ukraine,Lugansk People's Republic,48.80699,38.735538,POINT (38.735538 48.806990),1,0,0,0,1
2014,2014-07-10T00:00:00,2014-07-11T00:00:00,True,1,13247,Ukraine:Lugansk,369,5839,Government of Ukraine,Lugansk People's Republic,47.848613,39.751691,POINT (39.751691 47.848613),4,0,0,0,4
2014,2014-07-08T00:00:00,2014-07-10T00:00:00,True,1,13247,Ukraine:Lugansk,369,5839,Government of Ukraine,Lugansk People's Republic,48.92,39.02,POINT (39.020000 48.920000),0,0,0,0,0
2014,2014-07-12T00:00:00,2014-07-12T00:00:00,True,1,13247,Ukraine:Lugansk,369,5839,Government of Ukraine,Lugansk People's Republic,47.95,39.14,POINT (39.140000 47.950000),1,0,0,0,1
2014,2014-07-11T00:00:00,2014-07-12T00:00:00,True,1,13246,Ukraine:Donetsk,369,5840,Government of Ukraine,Donetsk People's Republic,48.14,37.74,POINT (37.740000 48.140000),7,0,0,0,7
2014,2014-07-12T00:00:00,2014-07-12T00:00:00,True,1,13247,Ukraine:Lugansk,369,5839,Government of Ukraine,Lugansk People's Republic,48.215,39.7755,POINT (39.775500 48.215000),1,0,0,0,1
2014,2014-07-11T00:00:00,2014-07-12T00:00:00,True,1,13246,Ukraine:Donetsk,369,5840,Government of Ukraine,Donetsk People's Republic,47.941669,37.504218,POINT (37.504218 47.941669),0,0,4,0,4
2014,2014-07-11T00:00:00,2014-07-12T00:00:00,True,1,13246,Ukraine:Donetsk,369,5840,Government of Ukraine,Donetsk People's Republic,48.397804,37.843767,POINT (37.843767 48.397804),0,0,0,0,0
2014,2014-07-11T00:00:00,2014-07-12T00:00:00,True,1,13247,Ukraine:Lugansk,369,5839,Government of Ukraine,Lugansk People's Republic,48.440496,38.815079,POINT (38.815079 48.440496),0,0,0,0,0
2014,2014-07-15T00:00:00,2014-07-15T00:00:00,True,1,13246,Ukraine:Donetsk,369,5840,Government of Ukraine,Donetsk People's Republic,48.028278,38.765611,POINT (38.765611 48.028278),0,0,11,0,11
2014,2014-07-14T00:00:00,2014-07-14T00:00:00,True,1,13247,Ukraine:Lugansk,369,5839,Government of Ukraine,Lugansk People's Republic,48.5036,39.82266,POINT (39.822660 48.503600),6,0,0,0,6
2014,2014-07-27T00:00:00,2014-07-27T00:00:00,True,1,13246,Ukraine:Donetsk,369,5840,Government of Ukraine,Donetsk People's Republic,48.3,38.05,POINT (38.050000 48.300000),0,0,2,10,12
2014,2014-07-21T00:00:00,2014-07-21T00:00:00,True,1,13246,Ukraine:Donetsk,369,5840,Government of Ukraine,Donetsk People's Republic,48.0,37.805278,POINT (37.805278 48.000000),0,0,0,5,5
2014,2014-07-17T00:00:00,2014-07-17T00:00:00,True,1,13246,Ukraine:Donetsk,369,5840,Government of Ukraine,Donetsk People's Republic,48.138378,38.639032,POINT (38.639032 48.138378),0,0,298,0,298
2014,2014-07-13T00:00:00,2014-07-13T00:00:00,True,1,13247,Ukraine:Lugansk,369,5839,Government of Ukraine,Lugansk People's Republic,48.333333,39.933333,POINT (39.933333 48.333333),0,0,1,0,1
2014,2014-07-01T00:00:00,2014-08-03T00:00:00,True,1,13246,Ukraine:Donetsk,369,5840,Government of Ukraine,Donetsk People's Republic,48.14,37.74,POINT (37.740000 48.140000),0,0,0,0,0
2014,2014-07-20T00:00:00,2014-07-20T00:00:00,True,1,13246,Ukraine:Donetsk,369,5840,Government of Ukraine,Donetsk People's Republic,48.0,37.805278,POINT (37.805278 48.000000),0,0,1,0,1
2014,2014-07-22T00:00:00,2014-07-22T00:00:00,True,1,13246,Ukraine:Donetsk,369,5840,Government of Ukraine,Donetsk People's Republic,48.462882,37.349593,POINT (37.349593 48.462882),3,0,0,0,3
2014,2014-07-20T00:00:00,2014-07-22T00:00:00,True,1,13247,Ukraine:Lugansk,369,5839,Government of Ukraine,Lugansk People's Republic,48.933333,38.5,POINT (38.500000 48.933333),0,0,0,2,2
2014,2014-07-23T00:00:00,2014-07-24T00:00:00,True,1,13246,Ukraine:Donetsk,369,5840,Government of Ukraine,Donetsk People's Republic,48.14,37.74,POINT (37.740000 48.140000),4,0,0,0,4
2014,2014-07-12T00:00:00,2014-07-12T00:00:00,True,1,13246,Ukraine:Donetsk,369,5840,Government of Ukraine,Donetsk People's Republic,48.0,37.805278,POINT (37.805278 48.000000),0,0,7,0,7
2014,2014-07-26T00:00:00,2014-07-26T00:00:00,True,1,13246,Ukraine:Donetsk,369,5840,Government of Ukraine,Donetsk People's Republic,47.922986,38.740539,POINT (38.740539 47.922986),0,0,3,0,3
2014,2014-07-28T00:00:00,2014-07-28T00:00:00,True,1,13246,Ukraine:Donetsk,369,5840,Government of Ukraine,Donetsk People's Republic,48.3,38.05,POINT (38.050000 48.300000),0,0,5,12,17
2014,2014-07-28T00:00:00,2014-07-28T00:00:00,True,1,13247,Ukraine:Lugansk,369,5839,Government of Ukraine,Lugansk People's Republic,48.566667,39.3,POINT (39.300000 48.566667),0,0,5,0,5
2014,2014-07-28T00:00:00,2014-07-29T00:00:00,True,1,13246,Ukraine:Donetsk,369,5840,Government of Ukraine,Donetsk People's Republic,48.127778,37.8625,POINT (37.862500 48.127778),0,0,4,0,4
2014,2014-07-29T00:00:00,2014-07-30T00:00:00,True,1,13246,Ukraine:Donetsk,369,5840,Government of Ukraine,Donetsk People's Republic,48.14,37.74,POINT (37.740000 48.140000),10,0,0,0,10
2014,2014-07-29T00:00:00,2014-07-29T00:00:00,True,1,13246,Ukraine:Donetsk,369,5840,Government of Ukraine,Donetsk People's Republic,48.0,37.805278,POINT (37.805278 48.000000),0,0,2,0,2
2014,2014-07-30T00:00:00,2014-07-31T00:00:00,True,1,13247,Ukraine:Lugansk,369,5839,Government of Ukraine,Lugansk People's Republic,48.566667,39.3,POINT (39.300000 48.566667),0,0,0,3,3
2014,2014-05-05T00:00:00,2014-07-31T00:00:00,True,1,13247,Ukraine:Lugansk,369,5839,Government of Ukraine,Lugansk People's Republic,48.566667,39.3,POINT (39.300000 48.566667),0,0,0,62,62
2014,2014-07-31T00:00:00,2014-08-01T00:00:00,True,1,13246,Ukraine:Donetsk,369,5840,Government of Ukraine,Donetsk People's Republic,48.046944,38.468611,POINT (38.468611 48.046944),10,0,0,4,14
2014,2014-07-31T00:00:00,2014-08-01T00:00:00,True,1,13246,Ukraine:Donetsk,369,5840,Government of Ukraine,Donetsk People's Republic,48.0,37.805278,POINT (37.805278 48.000000),0,0,1,0,1
2014,2014-08-02T00:00:00,2014-08-03T00:00:00,True,1,13247,Ukraine:Lugansk,369,5839,Government of Ukraine,Lugansk People's Republic,48.566667,39.3,POINT (39.300000 48.566667),0,0,0,3,3
2014,2014-08-02T00:00:00,2014-08-03T00:00:00,True,1,13246,Ukraine:Donetsk,369,5840,Government of Ukraine,Donetsk People's Republic,47.94542,37.617341,POINT (37.617341 47.945420),0,0,0,6,6
2014,2014-08-04T00:00:00,2014-08-04T00:00:00,True,1,13246,Ukraine:Donetsk,369,5840,Government of Ukraine,Donetsk People's Republic,48.127778,37.8625,POINT (37.862500 48.127778),5,0,0,0,5
2014,2014-08-02T00:00:00,2014-08-02T00:00:00,True,1,13246,Ukraine:Donetsk,369,5840,Government of Ukraine,Donetsk People's Republic,48.0,37.805278,POINT (37.805278 48.000000),0,0,0,2,2
2014,2014-08-02T00:00:00,2014-08-02T00:00:00,True,1,13247,Ukraine:Lugansk,369,5839,Government of Ukraine,Lugansk People's Republic,48.6333,38.5167,POINT (38.516700 48.633300),0,0,0,2,2
2014,2014-08-04T00:00:00,2014-08-04T00:00:00,True,1,13246,Ukraine:Donetsk,369,5840,Government of Ukraine,Donetsk People's Republic,47.825,38.295,POINT (38.295000 47.825000),25,0,0,0,25
2014,2014-08-05T00:00:00,2014-08-05T00:00:00,True,1,13246,Ukraine:Donetsk,369,5840,Government of Ukraine,Donetsk People's Republic,47.933,38.936,POINT (38.936000 47.933000),0,0,0,0,0
2014,2014-07-27T00:00:00,2014-08-18T00:00:00,True,1,13247,Ukraine:Lugansk,369,5839,Government of Ukraine,Lugansk People's Republic,48.6333,38.5167,POINT (38.516700 48.633300),0,0,0,200,200
2014,2014-08-07T00:00:00,2014-08-08T00:00:00,True,1,13247,Ukraine:Lugansk,369,5839,Government of Ukraine,Lugansk People's Republic,48.92,39.02,POINT (39.020000 48.920000),15,0,0,0,15
2014,2014-08-06T00:00:00,2014-08-06T00:00:00,True,1,13246,Ukraine:Donetsk,369,5840,Government of Ukraine,Donetsk People's Republic,48.3,38.05,POINT (38.050000 48.300000),18,0,0,0,18
2014,2014-08-05T00:00:00,2014-08-05T00:00:00,True,1,13246,Ukraine:Donetsk,369,5840,Government of Ukraine,Donetsk People's Republic,48.0,37.805278,POINT (37.805278 48.000000),0,0,2,0,2
2014,2014-08-05T00:00:00,2014-08-06T00:00:00,True,1,13246,Ukraine:Donetsk,369,5840,Government of Ukraine,Donetsk People's Republic,48.0,37.805278,POINT (37.805278 48.000000),0,0,1,0,1
2014,2014-08-06T00:00:00,2014-08-07T00:00:00,True,1,13246,Ukraine:Donetsk,369,5840,Government of Ukraine,Donetsk People's Republic,48.0,37.805278,POINT (37.805278 48.000000),0,0,3,0,3
2014,2014-08-07T00:00:00,2014-08-07T00:00:00,True,1,13246,Ukraine:Donetsk,369,5840,Government of Ukraine,Donetsk People's Republic,48.0,37.805278,POINT (37.805278 48.000000),0,0,1,0,1
2014,2014-08-10T00:00:00,2014-08-10T00:00:00,True,1,13246,Ukraine:Donetsk,369,5840,Government of Ukraine,Donetsk People's Republic,48.0,37.805278,POINT (37.805278 48.000000),0,0,1,0,1
2014,2014-08-13T00:00:00,2014-08-13T00:00:00,True,1,13246,Ukraine:Donetsk,369,5840,Government of Ukraine,Donetsk People's Republic,47.92,37.68,POINT (37.680000 47.920000),12,0,0,0,12
2014,2014-08-13T00:00:00,2014-08-14T00:00:00,True,1,13246,Ukraine:Donetsk,369,5840,Government of Ukraine,Donetsk People's Republic,48.0,37.805278,POINT (37.805278 48.000000),9,0,0,0,9
2014,2014-08-13T00:00:00,2014-08-13T00:00:00,True,1,13246,Ukraine:Donetsk,369,5840,Government of Ukraine,Donetsk People's Republic,48.0,37.805278,POINT (37.805278 48.000000),0,0,3,0,3
2014,2014-11-03T00:00:00,2014-11-04T00:00:00,True,1,13306,Ukraine:Novorossiya,369,5914,Government of Ukraine,United Armed Forces of Novorossiya,48.564161,38.644237,POINT (38.644237 48.564161),0,0,0,6,6
2014,2014-08-14T00:00:00,2014-08-15T00:00:00,True,1,13247,Ukraine:Lugansk,369,5839,Government of Ukraine,Lugansk People's Republic,48.566667,39.3,POINT (39.300000 48.566667),2,0,0,0,2
2014,2014-08-12T00:00:00,2014-08-13T00:00:00,True,1,13246,Ukraine:Donetsk,369,5840,Government of Ukraine,Donetsk People's Republic,48.14,37.74,POINT (37.740000 48.140000),11,0,0,0,11
2014,2014-08-14T00:00:00,2014-08-14T00:00:00,True,1,13246,Ukraine:Donetsk,369,5840,Government of Ukraine,Donetsk People's Republic,47.8787,38.06,POINT (38.060000 47.878700),0,0,0,1,1
2014,2014-08-12T00:00:00,2014-08-14T00:00:00,True,1,13246,Ukraine:Donetsk,369,5840,Government of Ukraine,Donetsk People's Republic,48.0,37.805278,POINT (37.805278 48.000000),0,0,0,47,47
2014,2014-08-14T00:00:00,2014-08-14T00:00:00,True,1,13246,Ukraine:Donetsk,369,5840,Government of Ukraine,Donetsk People's Republic,48.0,37.805278,POINT (37.805278 48.000000),0,0,11,0,11
2014,2014-08-14T00:00:00,2014-08-15T00:00:00,True,1,13246,Ukraine:Donetsk,369,5840,Government of Ukraine,Donetsk People's Republic,48.0,37.805278,POINT (37.805278 48.000000),2,0,0,0,2
2014,2014-08-14T00:00:00,2014-08-15T00:00:00,True,1,13246,Ukraine:Donetsk,369,5840,Government of Ukraine,Donetsk People's Republic,48.3,38.05,POINT (38.050000 48.300000),1,0,0,0,1
2014,2014-08-16T00:00:00,2014-08-17T00:00:00,True,1,13246,Ukraine:Donetsk,369,5840,Government of Ukraine,Donetsk People's Republic,48.0,37.805278,POINT (37.805278 48.000000),0,0,0,10,10
2014,2014-08-18T00:00:00,2014-08-18T00:00:00,True,1,13247,Ukraine:Lugansk,369,5839,Government of Ukraine,Lugansk People's Republic,48.495,39.5,POINT (39.500000 48.495000),0,0,24,0,24
2014,2014-08-18T00:00:00,2014-08-18T00:00:00,True,1,13247,Ukraine:Lugansk,369,5839,Government of Ukraine,Lugansk People's Republic,48.566667,39.3,POINT (39.300000 48.566667),9,0,0,0,9
2014,2014-08-19T00:00:00,2014-08-20T00:00:00,True,1,13246,Ukraine:Donetsk,369,5840,Government of Ukraine,Donetsk People's Republic,48.0,37.805278,POINT (37.805278 48.000000),0,0,43,0,43
2014,2014-09-01T00:00:00,2014-09-01T00:00:00,True,1,13246,Ukraine:Donetsk,369,5840,Government of Ukraine,Donetsk People's Republic,47.095833,37.549444,POINT (37.549444 47.095833),15,0,0,35,50
2014,2014-05-04T00:00:00,2014-08-17T00:00:00,True,1,13247,Ukraine:Lugansk,369,5839,Government of Ukraine,Lugansk People's Republic,48.92,39.02,POINT (39.020000 48.920000),0,0,0,208,208
2014,2014-04-12T00:00:00,2014-08-17T00:00:00,True,1,13246,Ukraine:Donetsk,369,5840,Government of Ukraine,Donetsk People's Republic,48.14,37.74,POINT (37.740000 48.140000),0,0,0,333,333
2014,2014-08-20T00:00:00,2014-08-21T00:00:00,True,1,13246,Ukraine:Donetsk,369,5840,Government of Ukraine,Donetsk People's Republic,47.8787,38.06,POINT (38.060000 47.878700),0,0,2,0,2
2014,2014-08-19T00:00:00,2014-08-19T00:00:00,True,1,13246,Ukraine:Donetsk,369,5840,Government of Ukraine,Donetsk People's Republic,47.926,38.194,POINT (38.194000 47.926000),1,0,0,0,1
2014,2014-08-18T00:00:00,2014-08-20T00:00:00,True,1,13246,Ukraine:Donetsk,369,5840,Government of Ukraine,Donetsk People's Republic,48.0,37.805278,POINT (37.805278 48.000000),0,12,0,0,12
2014,2014-08-19T00:00:00,2014-08-21T00:00:00,True,1,13246,Ukraine:Donetsk,369,5840,Government of Ukraine,Donetsk People's Republic,48.0,37.805278,POINT (37.805278 48.000000),0,26,0,0,26
2014,2014-08-20T00:00:00,2014-08-21T00:00:00,True,1,13247,Ukraine:Lugansk,369,5839,Government of Ukraine,Lugansk People's Republic,48.92,39.02,POINT (39.020000 48.920000),0,0,2,0,2
2014,2014-08-23T00:00:00,2014-08-24T00:00:00,True,1,13246,Ukraine:Donetsk,369,5840,Government of Ukraine,Donetsk People's Republic,48.14,37.74,POINT (37.740000 48.140000),5,0,0,0,5
2014,2014-08-25T00:00:00,2014-08-25T00:00:00,True,1,13247,Ukraine:Lugansk,369,5839,Government of Ukraine,Lugansk People's Republic,48.85,39.845,POINT (39.845000 48.850000),4,0,0,0,4
2014,2014-08-25T00:00:00,2014-08-26T00:00:00,True,1,13246,Ukraine:Donetsk,369,5840,Government of Ukraine,Donetsk People's Republic,48.0,37.805278,POINT (37.805278 48.000000),0,0,3,0,3
2014,2014-08-25T00:00:00,2014-09-02T00:00:00,True,1,13246,Ukraine:Donetsk,369,5840,Government of Ukraine,Donetsk People's Republic,47.926,38.194,POINT (38.194000 47.926000),241,200,0,0,441
2014,2014-08-25T00:00:00,2014-08-26T00:00:00,True,1,13246,Ukraine:Donetsk,369,5840,Government of Ukraine,Donetsk People's Republic,47.753178,38.031628,POINT (38.031628 47.753178),13,0,0,0,13
2014,2014-08-28T00:00:00,2014-08-28T00:00:00,True,1,13246,Ukraine:Donetsk,369,5840,Government of Ukraine,Donetsk People's Republic,48.0,37.805278,POINT (37.805278 48.000000),0,0,15,0,15
2014,2014-08-13T00:00:00,2014-08-13T00:00:00,True,1,13246,Ukraine:Donetsk,369,5840,Government of Ukraine,Donetsk People's Republic,48.028278,38.765611,POINT (38.765611 48.028278),0,100,0,0,100
2014,2014-10-04T00:00:00,2014-10-05T00:00:00,True,1,13306,Ukraine:Novorossiya,369,5914,Government of Ukraine,United Armed Forces of Novorossiya,48.075,37.725556,POINT (37.725556 48.075000),2,3,3,0,8
2014,2014-09-02T00:00:00,2014-09-03T00:00:00,True,1,13246,Ukraine:Donetsk,369,5840,Government of Ukraine,Donetsk People's Republic,48.216667,38.2,POINT (38.200000 48.216667),0,0,1,0,1
2014,2014-09-02T00:00:00,2014-09-03T00:00:00,True,1,13246,Ukraine:Donetsk,369,5840,Government of Ukraine,Donetsk People's Republic,48.0,37.805278,POINT (37.805278 48.000000),0,0,1,0,1
2014,2014-08-06T00:00:00,2014-08-06T00:00:00,True,1,13246,Ukraine:Donetsk,369,5840,Government of Ukraine,Donetsk People's Republic,48.028278,38.765611,POINT (38.765611 48.028278),0,0,1,0,1
2014,2014-09-04T00:00:00,2014-09-05T00:00:00,True,1,13246,Ukraine:Donetsk,369,5840,Government of Ukraine,Donetsk People's Republic,48.0,37.805278,POINT (37.805278 48.000000),0,0,5,0,5
2014,2014-09-05T00:00:00,2014-09-09T00:00:00,True,1,13246,Ukraine:Donetsk,369,5840,Government of Ukraine,Donetsk People's Republic,47.454601,37.864028,POINT (37.864028 47.454601),3,0,0,0,3
2014,2014-09-05T00:00:00,2014-09-09T00:00:00,True,1,13246,Ukraine:Donetsk,369,5840,Government of Ukraine,Donetsk People's Republic,47.095833,37.549444,POINT (37.549444 47.095833),2,0,0,0,2
2014,2014-08-25T00:00:00,2014-08-31T00:00:00,True,1,13246,Ukraine:Donetsk,369,5840,Government of Ukraine,Donetsk People's Republic,47.7263,38.1084,POINT (38.108400 47.726300),1,0,0,0,1
2014,2014-09-14T00:00:00,2014-09-14T00:00:00,True,1,13246,Ukraine:Donetsk,369,5840,Government of Ukraine,Donetsk People's Republic,48.0,37.805278,POINT (37.805278 48.000000),0,0,6,0,6
2014,2014-09-16T00:00:00,2014-09-16T00:00:00,True,1,13246,Ukraine:Donetsk,369,5840,Government of Ukraine,Donetsk People's Republic,48.0,37.805278,POINT (37.805278 48.000000),0,0,3,0,3
2014,2014-09-16T00:00:00,2014-09-16T00:00:00,True,1,13246,Ukraine:Donetsk,369,5840,Government of Ukraine,Donetsk People's Republic,48.083333,38.066667,POINT (38.066667 48.083333),0,0,1,0,1
2014,2014-09-16T00:00:00,2014-09-16T00:00:00,True,1,13246,Ukraine:Donetsk,369,5840,Government of Ukraine,Donetsk People's Republic,48.075,37.725556,POINT (37.725556 48.075000),3,0,0,0,3
2014,2014-09-16T00:00:00,2014-09-16T00:00:00,True,1,13246,Ukraine:Donetsk,369,5840,Government of Ukraine,Donetsk People's Republic,47.095833,37.549444,POINT (37.549444 47.095833),0,0,1,0,1
2014,2014-09-17T00:00:00,2014-09-17T00:00:00,True,1,13306,Ukraine:Novorossiya,369,5914,Government of Ukraine,United Armed Forces of Novorossiya,48.0,37.805278,POINT (37.805278 48.000000),0,0,2,0,2
2014,2014-09-18T00:00:00,2014-09-18T00:00:00,True,1,13306,Ukraine:Novorossiya,369,5914,Government of Ukraine,United Armed Forces of Novorossiya,48.075,37.725556,POINT (37.725556 48.075000),0,0,0,1,1
2014,2014-09-18T00:00:00,2014-09-19T00:00:00,True,1,13306,Ukraine:Novorossiya,369,5914,Government of Ukraine,United Armed Forces of Novorossiya,48.0,37.805278,POINT (37.805278 48.000000),0,0,0,1,1
2014,2014-09-18T00:00:00,2014-09-19T00:00:00,True,1,13306,Ukraine:Novorossiya,369,5914,Government of Ukraine,United Armed Forces of Novorossiya,48.083333,38.066667,POINT (38.066667 48.083333),0,0,2,0,2
2014,2014-09-18T00:00:00,2014-09-19T00:00:00,True,1,13306,Ukraine:Novorossiya,369,5914,Government of Ukraine,United Armed Forces of Novorossiya,48.15,38.65,POINT (38.650000 48.150000),2,0,0,0,2
2014,2014-09-28T00:00:00,2014-09-29T00:00:00,True,1,13306,Ukraine:Novorossiya,369,5914,Government of Ukraine,United Armed Forces of Novorossiya,48.075,37.725556,POINT (37.725556 48.075000),7,11,0,0,18
2014,2014-09-20T00:00:00,2014-09-21T00:00:00,True,1,13306,Ukraine:Novorossiya,369,5914,Government of Ukraine,United Armed Forces of Novorossiya,48.14,37.74,POINT (37.740000 48.140000),2,0,0,0,2
2014,2014-09-26T00:00:00,2014-09-26T00:00:00,True,1,13306,Ukraine:Novorossiya,369,5914,Government of Ukraine,United Armed Forces of Novorossiya,48.721895,39.25145,POINT (39.251450 48.721895),0,0,1,0,1
2014,2014-10-01T00:00:00,2014-10-01T00:00:00,True,1,13306,Ukraine:Novorossiya,369,5914,Government of Ukraine,United Armed Forces of Novorossiya,48.0,37.805278,POINT (37.805278 48.000000),0,0,2,8,10
2014,2014-09-26T00:00:00,2014-09-27T00:00:00,True,1,13306,Ukraine:Novorossiya,369,5914,Government of Ukraine,United Armed Forces of Novorossiya,48.075,37.725556,POINT (37.725556 48.075000),1,0,0,0,1
2014,2014-09-28T00:00:00,2014-09-29T00:00:00,True,1,13306,Ukraine:Novorossiya,369,5914,Government of Ukraine,United Armed Forces of Novorossiya,48.15,38.65,POINT (38.650000 48.150000),2,0,0,0,2
2014,2014-10-02T00:00:00,2014-10-02T00:00:00,True,1,13306,Ukraine:Novorossiya,369,5914,Government of Ukraine,United Armed Forces of Novorossiya,48.0,37.805278,POINT (37.805278 48.000000),0,0,1,0,1
2014,2014-10-03T00:00:00,2014-10-03T00:00:00,True,1,13306,Ukraine:Novorossiya,369,5914,Government of Ukraine,United Armed Forces of Novorossiya,48.075,37.725556,POINT (37.725556 48.075000),2,0,0,0,2
2014,2014-10-02T00:00:00,2014-10-03T00:00:00,True,1,13306,Ukraine:Novorossiya,369,5914,Government of Ukraine,United Armed Forces of Novorossiya,48.14,37.74,POINT (37.740000 48.140000),0,0,0,0,0
2014,2014-10-02T00:00:00,2014-10-03T00:00:00,True,1,13306,Ukraine:Novorossiya,369,5914,Government of Ukraine,United Armed Forces of Novorossiya,48.92,39.02,POINT (39.020000 48.920000),0,0,0,0,0
2014,2014-10-06T00:00:00,2014-10-06T00:00:00,True,1,13306,Ukraine:Novorossiya,369,5914,Government of Ukraine,United Armed Forces of Novorossiya,48.0,37.805278,POINT (37.805278 48.000000),0,0,2,0,2
2014,2014-10-05T00:00:00,2014-10-06T00:00:00,True,1,13306,Ukraine:Novorossiya,369,5914,Government of Ukraine,United Armed Forces of Novorossiya,48.075,37.725556,POINT (37.725556 48.075000),1,0,0,0,1
2014,2014-10-07T00:00:00,2014-10-07T00:00:00,True,1,13306,Ukraine:Novorossiya,369,5914,Government of Ukraine,United Armed Forces of Novorossiya,48.683333,38.516667,POINT (38.516667 48.683333),0,0,1,0,1
2014,2014-10-07T00:00:00,2014-10-07T00:00:00,True,1,13306,Ukraine:Novorossiya,369,5914,Government of Ukraine,United Armed Forces of Novorossiya,48.633333,38.38,POINT (38.380000 48.633333),0,0,2,0,2
2014,2014-10-08T00:00:00,2014-10-08T00:00:00,True,1,13306,Ukraine:Novorossiya,369,5914,Government of Ukraine,United Armed Forces of Novorossiya,48.0,37.805278,POINT (37.805278 48.000000),0,0,1,0,1
2014,2014-10-07T00:00:00,2014-10-07T00:00:00,True,1,13306,Ukraine:Novorossiya,369,5914,Government of Ukraine,United Armed Forces of Novorossiya,48.075,37.725556,POINT (37.725556 48.075000),5,3,0,0,8
2014,2014-10-06T00:00:00,2014-10-07T00:00:00,True,1,13306,Ukraine:Novorossiya,369,5914,Government of Ukraine,United Armed Forces of Novorossiya,48.0,37.805278,POINT (37.805278 48.000000),0,0,0,13,13
2014,2014-10-13T00:00:00,2014-10-13T00:00:00,True,1,13306,Ukraine:Novorossiya,369,5914,Government of Ukraine,United Armed Forces of Novorossiya,48.333333,38.4,POINT (38.400000 48.333333),0,0,1,0,1
2014,2014-10-11T00:00:00,2014-10-11T00:00:00,True,1,13306,Ukraine:Novorossiya,369,5914,Government of Ukraine,United Armed Forces of Novorossiya,48.0,37.805278,POINT (37.805278 48.000000),1,0,0,0,1
2014,2014-10-08T00:00:00,2014-10-08T00:00:00,True,1,13306,Ukraine:Novorossiya,369,5914,Government of Ukraine,United Armed Forces of Novorossiya,48.075,37.725556,POINT (37.725556 48.075000),0,0,5,0,5
2014,2014-10-09T00:00:00,2014-10-09T00:00:00,True,1,13306,Ukraine:Novorossiya,369,5914,Government of Ukraine,United Armed Forces of Novorossiya,48.0,37.805278,POINT (37.805278 48.000000),1,3,5,0,9
2014,2014-10-10T00:00:00,2014-10-10T00:00:00,True,1,13306,Ukraine:Novorossiya,369,5914,Government of Ukraine,United Armed Forces of Novorossiya,48.075,37.725556,POINT (37.725556 48.075000),0,0,0,3,3
2014,2014-10-09T00:00:00,2014-10-09T00:00:00,True,1,13306,Ukraine:Novorossiya,369,5914,Government of Ukraine,United Armed Forces of Novorossiya,48.0,37.805278,POINT (37.805278 48.000000),0,0,3,0,3
2014,2014-10-10T00:00:00,2014-10-11T00:00:00,True,1,13306,Ukraine:Novorossiya,369,5914,Government of Ukraine,United Armed Forces of Novorossiya,48.0,37.805278,POINT (37.805278 48.000000),0,0,3,0,3
2014,2014-10-10T00:00:00,2014-10-11T00:00:00,True,1,13306,Ukraine:Novorossiya,369,5914,Government of Ukraine,United Armed Forces of Novorossiya,48.633333,38.38,POINT (38.380000 48.633333),0,0,1,0,1
2014,2014-10-13T00:00:00,2014-10-13T00:00:00,True,1,13306,Ukraine:Novorossiya,369,5914,Government of Ukraine,United Armed Forces of Novorossiya,48.075,37.725556,POINT (37.725556 48.075000),1,1,0,0,2
2014,2014-10-14T00:00:00,2014-10-14T00:00:00,True,1,13306,Ukraine:Novorossiya,369,5914,Government of Ukraine,United Armed Forces of Novorossiya,47.18,37.69,POINT (37.690000 47.180000),0,0,5,0,5
2014,2014-10-16T00:00:00,2014-10-16T00:00:00,True,1,13306,Ukraine:Novorossiya,369,5914,Government of Ukraine,United Armed Forces of Novorossiya,48.075,37.725556,POINT (37.725556 48.075000),3,0,0,0,3
2014,2014-10-17T00:00:00,2014-10-18T00:00:00,True,1,13306,Ukraine:Novorossiya,369,5914,Government of Ukraine,United Armed Forces of Novorossiya,48.0,37.805278,POINT (37.805278 48.000000),0,0,2,0,2
2014,2014-10-17T00:00:00,2014-10-18T00:00:00,True,1,13306,Ukraine:Novorossiya,369,5914,Government of Ukraine,United Armed Forces of Novorossiya,48.15,38.65,POINT (38.650000 48.150000),2,0,0,0,2
2014,2014-10-18T00:00:00,2014-10-19T00:00:00,True,1,13306,Ukraine:Novorossiya,369,5914,Government of Ukraine,United Armed Forces of Novorossiya,48.0,37.805278,POINT (37.805278 48.000000),0,0,4,0,4
2014,2014-10-19T00:00:00,2014-10-20T00:00:00,True,1,13306,Ukraine:Novorossiya,369,5914,Government of Ukraine,United Armed Forces of Novorossiya,48.92,39.02,POINT (39.020000 48.920000),2,0,0,0,2
2014,2014-10-21T00:00:00,2014-10-22T00:00:00,True,1,13306,Ukraine:Novorossiya,369,5914,Government of Ukraine,United Armed Forces of Novorossiya,48.0,37.805278,POINT (37.805278 48.000000),0,0,1,0,1
2014,2014-10-26T00:00:00,2014-10-27T00:00:00,True,1,13306,Ukraine:Novorossiya,369,5914,Government of Ukraine,United Armed Forces of Novorossiya,48.6789,38.9156,POINT (38.915600 48.678900),2,0,0,0,2
2014,2014-10-30T00:00:00,2014-10-30T00:00:00,True,1,13306,Ukraine:Novorossiya,369,5914,Government of Ukraine,United Armed Forces of Novorossiya,48.15,38.65,POINT (38.650000 48.150000),7,0,0,0,7
2014,2014-10-30T00:00:00,2014-10-30T00:00:00,True,1,13306,Ukraine:Novorossiya,369,5914,Government of Ukraine,United Armed Forces of Novorossiya,48.0,37.805278,POINT (37.805278 48.000000),0,0,1,0,1
2014,2014-10-30T00:00:00,2014-10-30T00:00:00,True,1,13306,Ukraine:Novorossiya,369,5914,Government of Ukraine,United Armed Forces of Novorossiya,48.724788,38.63232,POINT (38.632320 48.724788),0,0,1,0,1
2014,2014-10-28T00:00:00,2014-10-28T00:00:00,True,1,13306,Ukraine:Novorossiya,369,5914,Government of Ukraine,United Armed Forces of Novorossiya,48.15,38.65,POINT (38.650000 48.150000),2,0,0,0,2
2014,2014-10-30T00:00:00,2014-10-31T00:00:00,True,1,13306,Ukraine:Novorossiya,369,5914,Government of Ukraine,United Armed Forces of Novorossiya,48.0,37.805278,POINT (37.805278 48.000000),0,0,1,0,1
2014,2014-10-31T00:00:00,2014-11-01T00:00:00,True,1,13306,Ukraine:Novorossiya,369,5914,Government of Ukraine,United Armed Forces of Novorossiya,48.075,37.725556,POINT (37.725556 48.075000),3,0,0,0,3
2014,2014-10-31T00:00:00,2014-11-01T00:00:00,True,1,13306,Ukraine:Novorossiya,369,5914,Government of Ukraine,United Armed Forces of Novorossiya,48.75,38.8,POINT (38.800000 48.750000),3,0,0,0,3
2014,2014-11-07T00:00:00,2014-11-08T00:00:00,True,1,13306,Ukraine:Novorossiya,369,5914,Government of Ukraine,United Armed Forces of Novorossiya,48.075,37.725556,POINT (37.725556 48.075000),1,0,0,0,1
2014,2014-11-01T00:00:00,2014-11-02T00:00:00,True,1,13306,Ukraine:Novorossiya,369,5914,Government of Ukraine,United Armed Forces of Novorossiya,48.075,37.725556,POINT (37.725556 48.075000),1,0,0,0,1
2014,2014-11-03T00:00:00,2014-11-04T00:00:00,True,1,13306,Ukraine:Novorossiya,369,5914,Government of Ukraine,United Armed Forces of Novorossiya,48.635588,38.643666,POINT (38.643666 48.635588),0,0,0,7,7
2014,2014-11-03T00:00:00,2014-11-04T00:00:00,True,1,13306,Ukraine:Novorossiya,369,5914,Government of Ukraine,United Armed Forces of Novorossiya,48.671413,38.763354,POINT (38.763354 48.671413),0,0,0,7,7
2014,2014-11-05T00:00:00,2014-11-05T00:00:00,True,1,13306,Ukraine:Novorossiya,369,5914,Government of Ukraine,United Armed Forces of Novorossiya,48.075,37.725556,POINT (37.725556 48.075000),0,0,2,0,2
2014,2014-11-04T00:00:00,2014-11-05T00:00:00,True,1,13306,Ukraine:Novorossiya,369,5914,Government of Ukraine,United Armed Forces of Novorossiya,48.15,38.65,POINT (38.650000 48.150000),2,0,0,0,2
2014,2014-11-06T00:00:00,2014-11-06T00:00:00,True,1,13306,Ukraine:Novorossiya,369,5914,Government of Ukraine,United Armed Forces of Novorossiya,48.075,37.725556,POINT (37.725556 48.075000),3,0,0,0,3
2014,2014-11-06T00:00:00,2014-11-07T00:00:00,True,1,13306,Ukraine:Novorossiya,369,5914,Government of Ukraine,United Armed Forces of Novorossiya,48.92,39.02,POINT (39.020000 48.920000),3,0,0,0,3
2014,2014-11-06T00:00:00,2014-11-07T00:00:00,True,1,13306,Ukraine:Novorossiya,369,5914,Government of Ukraine,United Armed Forces of Novorossiya,48.075,37.725556,POINT (37.725556 48.075000),2,0,0,0,2
2014,2014-11-12T00:00:00,2014-11-13T00:00:00,True,1,13306,Ukraine:Novorossiya,369,5914,Government of Ukraine,United Armed Forces of Novorossiya,48.694329,39.453292,POINT (39.453292 48.694329),4,0,0,0,4
2014,2014-11-14T00:00:00,2014-11-14T00:00:00,True,1,13306,Ukraine:Novorossiya,369,5914,Government of Ukraine,United Armed Forces of Novorossiya,48.753333,38.9725,POINT (38.972500 48.753333),0,0,1,0,1
2014,2014-11-14T00:00:00,2014-11-14T00:00:00,True,1,13306,Ukraine:Novorossiya,369,5914,Government of Ukraine,United Armed Forces of Novorossiya,48.3,38.05,POINT (38.050000 48.300000),0,20,0,0,20
2014,2014-11-14T00:00:00,2014-11-14T00:00:00,True,1,13306,Ukraine:Novorossiya,369,5914,Government of Ukraine,United Armed Forces of Novorossiya,48.0,37.805278,POINT (37.805278 48.000000),0,0,1,0,1
2014,2014-11-13T00:00:00,2014-11-14T00:00:00,True,1,13306,Ukraine:Novorossiya,369,5914,Government of Ukraine,United Armed Forces of Novorossiya,48.15,38.65,POINT (38.650000 48.150000),1,0,0,0,1
2014,2014-10-16T00:00:00,2014-10-21T00:00:00,True,1,13306,Ukraine:Novorossiya,369,5914,Government of Ukraine,United Armed Forces of Novorossiya,48.15,38.65,POINT (38.650000 48.150000),0,0,0,3,3
2014,2014-11-24T00:00:00,2014-11-24T00:00:00,True,1,13306,Ukraine:Novorossiya,369,5914,Government of Ukraine,United Armed Forces of Novorossiya,48.0,37.805278,POINT (37.805278 48.000000),0,0,3,0,3
2014,2014-11-14T00:00:00,2014-11-15T00:00:00,True,1,13306,Ukraine:Novorossiya,369,5914,Government of Ukraine,United Armed Forces of Novorossiya,48.075,37.725556,POINT (37.725556 48.075000),3,12,2,0,17
2014,2014-11-15T00:00:00,2014-11-15T00:00:00,True,1,13306,Ukraine:Novorossiya,369,5914,Government of Ukraine,United Armed Forces of Novorossiya,48.3,38.05,POINT (38.050000 48.300000),0,0,5,0,5
2014,2014-11-16T00:00:00,2014-11-16T00:00:00,True,1,13306,Ukraine:Novorossiya,369,5914,Government of Ukraine,United Armed Forces of Novorossiya,48.92,39.02,POINT (39.020000 48.920000),3,0,0,0,3
2014,2014-11-16T00:00:00,2014-11-16T00:00:00,True,1,13306,Ukraine:Novorossiya,369,5914,Government of Ukraine,United Armed Forces of Novorossiya,48.678892,39.516218,POINT (39.516218 48.678892),3,0,0,0,3
2014,2014-11-16T00:00:00,2014-11-17T00:00:00,True,1,13306,Ukraine:Novorossiya,369,5914,Government of Ukraine,United Armed Forces of Novorossiya,48.15,38.65,POINT (38.650000 48.150000),3,0,0,0,3
2014,2014-11-16T00:00:00,2014-11-17T00:00:00,True,1,13306,Ukraine:Novorossiya,369,5914,Government of Ukraine,United Armed Forces of Novorossiya,48.0,37.805278,POINT (37.805278 48.000000),0,0,1,0,1
2014,2014-11-20T00:00:00,2014-11-21T00:00:00,True,1,13306,Ukraine:Novorossiya,369,5914,Government of Ukraine,United Armed Forces of Novorossiya,47.095833,37.549444,POINT (37.549444 47.095833),1,0,1,0,2
2014,2014-11-20T00:00:00,2014-11-21T00:00:00,True,1,13306,Ukraine:Novorossiya,369,5914,Government of Ukraine,United Armed Forces of Novorossiya,48.075,37.725556,POINT (37.725556 48.075000),0,0,1,0,1
2014,2014-11-21T00:00:00,2014-11-22T00:00:00,True,1,13306,Ukraine:Novorossiya,369,5914,Government of Ukraine,United Armed Forces of Novorossiya,48.15,38.65,POINT (38.650000 48.150000),4,0,0,0,4
2014,2014-11-23T00:00:00,2014-11-24T00:00:00,True,1,13306,Ukraine:Novorossiya,369,5914,Government of Ukraine,United Armed Forces of Novorossiya,48.566667,39.3,POINT (39.300000 48.566667),1,0,0,0,1
2014,2014-11-23T00:00:00,2014-11-24T00:00:00,True,1,13306,Ukraine:Novorossiya,369,5914,Government of Ukraine,United Armed Forces of Novorossiya,48.333333,38.4,POINT (38.400000 48.333333),1,0,0,0,1
2014,2014-11-23T00:00:00,2014-11-24T00:00:00,True,1,13306,Ukraine:Novorossiya,369,5914,Government of Ukraine,United Armed Forces of Novorossiya,48.0,37.805278,POINT (37.805278 48.000000),1,0,0,0,1
2014,2014-11-25T00:00:00,2014-11-25T00:00:00,True,1,13306,Ukraine:Novorossiya,369,5914,Government of Ukraine,United Armed Forces of Novorossiya,48.0,37.805278,POINT (37.805278 48.000000),0,0,2,0,2
2014,2014-11-30T00:00:00,2014-11-30T00:00:00,True,1,13306,Ukraine:Novorossiya,369,5914,Government of Ukraine,United Armed Forces of Novorossiya,48.0,37.805278,POINT (37.805278 48.000000),0,0,1,0,1
2014,2014-11-25T00:00:00,2014-11-26T00:00:00,True,1,13306,Ukraine:Novorossiya,369,5914,Government of Ukraine,United Armed Forces of Novorossiya,48.14,37.74,POINT (37.740000 48.140000),2,1,0,0,3
2014,2014-11-28T00:00:00,2014-11-28T00:00:00,True,1,13306,Ukraine:Novorossiya,369,5914,Government of Ukraine,United Armed Forces of Novorossiya,48.15,38.65,POINT (38.650000 48.150000),1,0,0,0,1
2014,2014-11-30T00:00:00,2014-11-30T00:00:00,True,1,13306,Ukraine:Novorossiya,369,5914,Government of Ukraine,United Armed Forces of Novorossiya,48.633333,38.38,POINT (38.380000 48.633333),0,0,2,0,2
2014,2014-11-26T00:00:00,2014-11-26T00:00:00,True,1,13306,Ukraine:Novorossiya,369,5914,Government of Ukraine,United Armed Forces of Novorossiya,48.633333,38.38,POINT (38.380000 48.633333),0,0,2,0,2
2014,2014-11-27T00:00:00,2014-11-27T00:00:00,True,1,13306,Ukraine:Novorossiya,369,5914,Government of Ukraine,United Armed Forces of Novorossiya,48.0,37.805278,POINT (37.805278 48.000000),0,0,2,0,2
2014,2014-11-27T00:00:00,2014-11-27T00:00:00,True,1,13306,Ukraine:Novorossiya,369,5914,Government of Ukraine,United Armed Forces of Novorossiya,48.694329,39.453292,POINT (39.453292 48.694329),0,0,1,0,1
2014,2014-11-29T00:00:00,2014-11-30T00:00:00,True,1,13306,Ukraine:Novorossiya,369,5914,Government of Ukraine,United Armed Forces of Novorossiya,48.075,37.725556,POINT (37.725556 48.075000),2,0,0,0,2
2014,2014-11-29T00:00:00,2014-11-30T00:00:00,True,1,13306,Ukraine:Novorossiya,369,5914,Government of Ukraine,United Armed Forces of Novorossiya,48.694329,39.453292,POINT (39.453292 48.694329),1,0,0,0,1
2014,2014-11-30T00:00:00,2014-12-01T00:00:00,True,1,13306,Ukraine:Novorossiya,369,5914,Government of Ukraine,United Armed Forces of Novorossiya,48.075,37.725556,POINT (37.725556 48.075000),3,0,0,0,3
2014,2014-12-02T00:00:00,2014-12-02T00:00:00,True,1,13306,Ukraine:Novorossiya,369,5914,Government of Ukraine,United Armed Forces of Novorossiya,48.14,37.74,POINT (37.740000 48.140000),1,0,0,0,1
2014,2014-12-02T00:00:00,2014-12-02T00:00:00,True,1,13306,Ukraine:Novorossiya,369,5914,Government of Ukraine,United Armed Forces of Novorossiya,48.92,39.02,POINT (39.020000 48.920000),1,0,0,0,1
2014,2014-12-02T00:00:00,2014-12-02T00:00:00,True,1,13306,Ukraine:Novorossiya,369,5914,Government of Ukraine,United Armed Forces of Novorossiya,48.753333,38.9725,POINT (38.972500 48.753333),0,0,2,0,2
2014,2014-12-04T00:00:00,2014-12-04T00:00:00,True,1,13306,Ukraine:Novorossiya,369,5914,Government of Ukraine,United Armed Forces of Novorossiya,48.075,37.725556,POINT (37.725556 48.075000),1,0,0,0,1
2014,2014-12-05T00:00:00,2014-12-05T00:00:00,True,1,13306,Ukraine:Novorossiya,369,5914,Government of Ukraine,United Armed Forces of Novorossiya,48.075,37.725556,POINT (37.725556 48.075000),6,0,0,0,6
2014,2014-12-05T00:00:00,2014-12-05T00:00:00,True,1,13306,Ukraine:Novorossiya,369,5914,Government of Ukraine,United Armed Forces of Novorossiya,45.093056,33.595,POINT (33.595000 45.093056),0,0,1,0,1
2014,2014-12-06T00:00:00,2014-12-06T00:00:00,True,1,13306,Ukraine:Novorossiya,369,5914,Government of Ukraine,United Armed Forces of Novorossiya,48.333333,38.4,POINT (38.400000 48.333333),1,0,0,0,1
2014,2014-12-08T00:00:00,2014-12-09T00:00:00,True,1,13306,Ukraine:Novorossiya,369,5914,Government of Ukraine,United Armed Forces of Novorossiya,48.0,37.805278,POINT (37.805278 48.000000),6,0,2,0,8
2014,2014-12-10T00:00:00,2014-12-11T00:00:00,True,1,13306,Ukraine:Novorossiya,369,5914,Government of Ukraine,United Armed Forces of Novorossiya,48.15,38.65,POINT (38.650000 48.150000),3,0,0,0,3
2014,2014-12-16T00:00:00,2014-12-16T00:00:00,True,1,13306,Ukraine:Novorossiya,369,5914,Government of Ukraine,United Armed Forces of Novorossiya,48.075,37.725556,POINT (37.725556 48.075000),1,0,0,0,1
2014,2014-12-29T00:00:00,2014-12-29T00:00:00,True,1,13306,Ukraine:Novorossiya,369,5914,Government of Ukraine,United Armed Forces of Novorossiya,48.075,37.725556,POINT (37.725556 48.075000),3,0,0,0,3
2014,2014-09-17T00:00:00,2014-09-25T00:00:00,True,1,13306,Ukraine:Novorossiya,369,5914,Government of Ukraine,United Armed Forces of Novorossiya,48.15,38.65,POINT (38.650000 48.150000),0,0,0,312,312
2014,2014-10-30T00:00:00,2014-12-07T00:00:00,True,1,13306,Ukraine:Novorossiya,369,5914,Government of Ukraine,United Armed Forces of Novorossiya,48.15,38.65,POINT (38.650000 48.150000),0,0,0,433,433
2014,2014-12-08T00:00:00,2014-12-24T00:00:00,True,1,13306,Ukraine:Novorossiya,369,5914,Government of Ukraine,United Armed Forces of Novorossiya,48.15,38.65,POINT (38.650000 48.150000),0,0,0,117,117
